?"Categoria","Kateg?ria","Category","Activitatea","Tev?kenys?g","Activity","Year","Value"
"1. Industrie","1. Ipar","1. Industry","1. Industrie","1. Ipar","1. Industry","2013","29010"
"1. Industrie","1. Ipar","1. Industry","1. Industrie","1. Ipar","1. Industry","2014","30013"
"1. Industrie","1. Ipar","1. Industry","1. Industrie","1. Ipar","1. Industry","2015","28521"
"1. Industrie","1. Ipar","1. Industry","1. Industrie","1. Ipar","1. Industry","2016","31124"
"1. Industrie","1. Ipar","1. Industry","1. Industrie","1. Ipar","1. Industry","2017","32666"
"1. Industrie","1. Ipar","1. Industry","1. Industrie","1. Ipar","1. Industry","2018","33311"
"1. Industrie","1. Ipar","1. Industry","1. Industrie","1. Ipar","1. Industry","2019","35648"
"1. Industrie","1. Ipar","1. Industry","1. Industrie","1. Ipar","1. Industry","2020","35693"
"1. Industrie","1. Ipar","1. Industry","1. Industrie","1. Ipar","1. Industry","2021","38986"
"1. Industrie","1. Ipar","1. Industry","1. Industrie","1. Ipar","1. Industry","2022","42148"
"1. Industrie","1. Ipar","1. Industry","1. Industrie","1. Ipar","1. Industry","2023","45663"
"2. Industria extractiv?","2. Kitermel?ipar","2. Extractive Industry","2. Industria extractiv?","2. Kitermel?ipar","2. Extractive Industry","2013","3548"
"2. Industria extractiv?","2. Kitermel?ipar","2. Extractive Industry","2. Industria extractiv?","2. Kitermel?ipar","2. Extractive Industry","2014","3387"
"2. Industria extractiv?","2. Kitermel?ipar","2. Extractive Industry","2. Industria extractiv?","2. Kitermel?ipar","2. Extractive Industry","2015","1985"
"2. Industria extractiv?","2. Kitermel?ipar","2. Extractive Industry","2. Industria extractiv?","2. Kitermel?ipar","2. Extractive Industry","2016","1842"
"2. Industria extractiv?","2. Kitermel?ipar","2. Extractive Industry","2. Industria extractiv?","2. Kitermel?ipar","2. Extractive Industry","2017","1965"
"2. Industria extractiv?","2. Kitermel?ipar","2. Extractive Industry","2. Industria extractiv?","2. Kitermel?ipar","2. Extractive Industry","2018","2273"
"2. Industria extractiv?","2. Kitermel?ipar","2. Extractive Industry","2. Industria extractiv?","2. Kitermel?ipar","2. Extractive Industry","2019","3921"
"2. Industria extractiv?","2. Kitermel?ipar","2. Extractive Industry","2. Industria extractiv?","2. Kitermel?ipar","2. Extractive Industry","2020","3373"
"2. Industria extractiv?","2. Kitermel?ipar","2. Extractive Industry","2. Industria extractiv?","2. Kitermel?ipar","2. Extractive Industry","2021","4018"
"2. Industria extractiv?","2. Kitermel?ipar","2. Extractive Industry","2. Industria extractiv?","2. Kitermel?ipar","2. Extractive Industry","2022","3920"
"2. Industria extractiv?","2. Kitermel?ipar","2. Extractive Industry","2. Industria extractiv?","2. Kitermel?ipar","2. Extractive Industry","2023","4699"
"3. Industria prelucr?toare","3. Feldolgoz?ipar","3. Manufacturing Industry","3. Industria prelucr?toare","3. Feldolgoz?ipar","3. Manufacturing Industry","2013","18581"
"3. Industria prelucr?toare","3. Feldolgoz?ipar","3. Manufacturing Industry","3. Industria prelucr?toare","3. Feldolgoz?ipar","3. Manufacturing Industry","2014","19431"
"3. Industria prelucr?toare","3. Feldolgoz?ipar","3. Manufacturing Industry","3. Industria prelucr?toare","3. Feldolgoz?ipar","3. Manufacturing Industry","2015","19975"
"3. Industria prelucr?toare","3. Feldolgoz?ipar","3. Manufacturing Industry","3. Industria prelucr?toare","3. Feldolgoz?ipar","3. Manufacturing Industry","2016","22494"
"3. Industria prelucr?toare","3. Feldolgoz?ipar","3. Manufacturing Industry","3. Industria prelucr?toare","3. Feldolgoz?ipar","3. Manufacturing Industry","2017","24250"
"3. Industria prelucr?toare","3. Feldolgoz?ipar","3. Manufacturing Industry","3. Industria prelucr?toare","3. Feldolgoz?ipar","3. Manufacturing Industry","2018","25032"
"3. Industria prelucr?toare","3. Feldolgoz?ipar","3. Manufacturing Industry","3. Industria prelucr?toare","3. Feldolgoz?ipar","3. Manufacturing Industry","2019","25596"
"3. Industria prelucr?toare","3. Feldolgoz?ipar","3. Manufacturing Industry","3. Industria prelucr?toare","3. Feldolgoz?ipar","3. Manufacturing Industry","2020","26475"
"3. Industria prelucr?toare","3. Feldolgoz?ipar","3. Manufacturing Industry","3. Industria prelucr?toare","3. Feldolgoz?ipar","3. Manufacturing Industry","2021","30040"
"3. Industria prelucr?toare","3. Feldolgoz?ipar","3. Manufacturing Industry","3. Industria prelucr?toare","3. Feldolgoz?ipar","3. Manufacturing Industry","2022","32577"
"3. Industria prelucr?toare","3. Feldolgoz?ipar","3. Manufacturing Industry","3. Industria prelucr?toare","3. Feldolgoz?ipar","3. Manufacturing Industry","2023","34675"
"3. Industria prelucr?toare","3. Feldolgoz?ipar","3. Manufacturing Industry","3.a alimente, b?uturi ?i tutun","3.a ?lelmiszerek, italok ?s doh?ny","3.a Food, Beverages, and Tobacco","2013","2402"
"3. Industria prelucr?toare","3. Feldolgoz?ipar","3. Manufacturing Industry","3.a alimente, b?uturi ?i tutun","3.a ?lelmiszerek, italok ?s doh?ny","3.a Food, Beverages, and Tobacco","2014","2562"
"3. Industria prelucr?toare","3. Feldolgoz?ipar","3. Manufacturing Industry","3.a alimente, b?uturi ?i tutun","3.a ?lelmiszerek, italok ?s doh?ny","3.a Food, Beverages, and Tobacco","2015","2170"
"3. Industria prelucr?toare","3. Feldolgoz?ipar","3. Manufacturing Industry","3.a alimente, b?uturi ?i tutun","3.a ?lelmiszerek, italok ?s doh?ny","3.a Food, Beverages, and Tobacco","2016","2398"
"3. Industria prelucr?toare","3. Feldolgoz?ipar","3. Manufacturing Industry","3.a alimente, b?uturi ?i tutun","3.a ?lelmiszerek, italok ?s doh?ny","3.a Food, Beverages, and Tobacco","2017","2517"
"3. Industria prelucr?toare","3. Feldolgoz?ipar","3. Manufacturing Industry","3.a alimente, b?uturi ?i tutun","3.a ?lelmiszerek, italok ?s doh?ny","3.a Food, Beverages, and Tobacco","2018","2678"
"3. Industria prelucr?toare","3. Feldolgoz?ipar","3. Manufacturing Industry","3.a alimente, b?uturi ?i tutun","3.a ?lelmiszerek, italok ?s doh?ny","3.a Food, Beverages, and Tobacco","2019","2651"
"3. Industria prelucr?toare","3. Feldolgoz?ipar","3. Manufacturing Industry","3.a alimente, b?uturi ?i tutun","3.a ?lelmiszerek, italok ?s doh?ny","3.a Food, Beverages, and Tobacco","2020","2877"
"3. Industria prelucr?toare","3. Feldolgoz?ipar","3. Manufacturing Industry","3.a alimente, b?uturi ?i tutun","3.a ?lelmiszerek, italok ?s doh?ny","3.a Food, Beverages, and Tobacco","2021","3227"
"3. Industria prelucr?toare","3. Feldolgoz?ipar","3. Manufacturing Industry","3.a alimente, b?uturi ?i tutun","3.a ?lelmiszerek, italok ?s doh?ny","3.a Food, Beverages, and Tobacco","2022","3982"
"3. Industria prelucr?toare","3. Feldolgoz?ipar","3. Manufacturing Industry","3.a alimente, b?uturi ?i tutun","3.a ?lelmiszerek, italok ?s doh?ny","3.a Food, Beverages, and Tobacco","2023","4465"
"3. Industria prelucr?toare","3. Feldolgoz?ipar","3. Manufacturing Industry","3.b ciment, sticl?, ceramic?","3.b cement, ?veg, ker?mia","3.b Cement, Glass, Ceramics","2013","1658"
"3. Industria prelucr?toare","3. Feldolgoz?ipar","3. Manufacturing Industry","3.b ciment, sticl?, ceramic?","3.b cement, ?veg, ker?mia","3.b Cement, Glass, Ceramics","2014","1628"
"3. Industria prelucr?toare","3. Feldolgoz?ipar","3. Manufacturing Industry","3.b ciment, sticl?, ceramic?","3.b cement, ?veg, ker?mia","3.b Cement, Glass, Ceramics","2015","1461"
"3. Industria prelucr?toare","3. Feldolgoz?ipar","3. Manufacturing Industry","3.b ciment, sticl?, ceramic?","3.b cement, ?veg, ker?mia","3.b Cement, Glass, Ceramics","2016","1433"
"3. Industria prelucr?toare","3. Feldolgoz?ipar","3. Manufacturing Industry","3.b ciment, sticl?, ceramic?","3.b cement, ?veg, ker?mia","3.b Cement, Glass, Ceramics","2017","1419"
"3. Industria prelucr?toare","3. Feldolgoz?ipar","3. Manufacturing Industry","3.b ciment, sticl?, ceramic?","3.b cement, ?veg, ker?mia","3.b Cement, Glass, Ceramics","2018","1497"
"3. Industria prelucr?toare","3. Feldolgoz?ipar","3. Manufacturing Industry","3.b ciment, sticl?, ceramic?","3.b cement, ?veg, ker?mia","3.b Cement, Glass, Ceramics","2019","1512"
"3. Industria prelucr?toare","3. Feldolgoz?ipar","3. Manufacturing Industry","3.b ciment, sticl?, ceramic?","3.b cement, ?veg, ker?mia","3.b Cement, Glass, Ceramics","2020","1454"
"3. Industria prelucr?toare","3. Feldolgoz?ipar","3. Manufacturing Industry","3.b ciment, sticl?, ceramic?","3.b cement, ?veg, ker?mia","3.b Cement, Glass, Ceramics","2021","1500"
"3. Industria prelucr?toare","3. Feldolgoz?ipar","3. Manufacturing Industry","3.b ciment, sticl?, ceramic?","3.b cement, ?veg, ker?mia","3.b Cement, Glass, Ceramics","2022","1706"
"3. Industria prelucr?toare","3. Feldolgoz?ipar","3. Manufacturing Industry","3.b ciment, sticl?, ceramic?","3.b cement, ?veg, ker?mia","3.b Cement, Glass, Ceramics","2023","1918"
"3. Industria prelucr?toare","3. Feldolgoz?ipar","3. Manufacturing Industry","3.c fabricare produse din lemn, inclusiv mobil?","3.c fa?ruk gy?rt?sa, bele?rtve a b?torokat","3.c Manufacture of Wood Products, Including Furniture","2013","1154"
"3. Industria prelucr?toare","3. Feldolgoz?ipar","3. Manufacturing Industry","3.c fabricare produse din lemn, inclusiv mobil?","3.c fa?ruk gy?rt?sa, bele?rtve a b?torokat","3.c Manufacture of Wood Products, Including Furniture","2014","1550"
"3. Industria prelucr?toare","3. Feldolgoz?ipar","3. Manufacturing Industry","3.c fabricare produse din lemn, inclusiv mobil?","3.c fa?ruk gy?rt?sa, bele?rtve a b?torokat","3.c Manufacture of Wood Products, Including Furniture","2015","1704"
"3. Industria prelucr?toare","3. Feldolgoz?ipar","3. Manufacturing Industry","3.c fabricare produse din lemn, inclusiv mobil?","3.c fa?ruk gy?rt?sa, bele?rtve a b?torokat","3.c Manufacture of Wood Products, Including Furniture","2016","1436"
"3. Industria prelucr?toare","3. Feldolgoz?ipar","3. Manufacturing Industry","3.c fabricare produse din lemn, inclusiv mobil?","3.c fa?ruk gy?rt?sa, bele?rtve a b?torokat","3.c Manufacture of Wood Products, Including Furniture","2017","1340"
"3. Industria prelucr?toare","3. Feldolgoz?ipar","3. Manufacturing Industry","3.c fabricare produse din lemn, inclusiv mobil?","3.c fa?ruk gy?rt?sa, bele?rtve a b?torokat","3.c Manufacture of Wood Products, Including Furniture","2018","1398"
"3. Industria prelucr?toare","3. Feldolgoz?ipar","3. Manufacturing Industry","3.c fabricare produse din lemn, inclusiv mobil?","3.c fa?ruk gy?rt?sa, bele?rtve a b?torokat","3.c Manufacture of Wood Products, Including Furniture","2019","1453"
"3. Industria prelucr?toare","3. Feldolgoz?ipar","3. Manufacturing Industry","3.c fabricare produse din lemn, inclusiv mobil?","3.c fa?ruk gy?rt?sa, bele?rtve a b?torokat","3.c Manufacture of Wood Products, Including Furniture","2020","1513"
"3. Industria prelucr?toare","3. Feldolgoz?ipar","3. Manufacturing Industry","3.c fabricare produse din lemn, inclusiv mobil?","3.c fa?ruk gy?rt?sa, bele?rtve a b?torokat","3.c Manufacture of Wood Products, Including Furniture","2021","1523"
"3. Industria prelucr?toare","3. Feldolgoz?ipar","3. Manufacturing Industry","3.c fabricare produse din lemn, inclusiv mobil?","3.c fa?ruk gy?rt?sa, bele?rtve a b?torokat","3.c Manufacture of Wood Products, Including Furniture","2022","1664"
"3. Industria prelucr?toare","3. Feldolgoz?ipar","3. Manufacturing Industry","3.c fabricare produse din lemn, inclusiv mobil?","3.c fa?ruk gy?rt?sa, bele?rtve a b?torokat","3.c Manufacture of Wood Products, Including Furniture","2023","1548"
"3. Industria prelucr?toare","3. Feldolgoz?ipar","3. Manufacturing Industry","3.d fabricarea calculatoarelor, altor produse electronice, optice ?i electrice","3.d sz?m?t?g?pek, egy?b elektronikus, optikai ?s elektromos term?kek gy?rt?sa","3.d Manufacture of Computers, Other Electronic, Optical, and Electrical Products","2013","1270"
"3. Industria prelucr?toare","3. Feldolgoz?ipar","3. Manufacturing Industry","3.d fabricarea calculatoarelor, altor produse electronice, optice ?i electrice","3.d sz?m?t?g?pek, egy?b elektronikus, optikai ?s elektromos term?kek gy?rt?sa","3.d Manufacture of Computers, Other Electronic, Optical, and Electrical Products","2014","1481"
"3. Industria prelucr?toare","3. Feldolgoz?ipar","3. Manufacturing Industry","3.d fabricarea calculatoarelor, altor produse electronice, optice ?i electrice","3.d sz?m?t?g?pek, egy?b elektronikus, optikai ?s elektromos term?kek gy?rt?sa","3.d Manufacture of Computers, Other Electronic, Optical, and Electrical Products","2015","1493"
"3. Industria prelucr?toare","3. Feldolgoz?ipar","3. Manufacturing Industry","3.d fabricarea calculatoarelor, altor produse electronice, optice ?i electrice","3.d sz?m?t?g?pek, egy?b elektronikus, optikai ?s elektromos term?kek gy?rt?sa","3.d Manufacture of Computers, Other Electronic, Optical, and Electrical Products","2016","1724"
"3. Industria prelucr?toare","3. Feldolgoz?ipar","3. Manufacturing Industry","3.d fabricarea calculatoarelor, altor produse electronice, optice ?i electrice","3.d sz?m?t?g?pek, egy?b elektronikus, optikai ?s elektromos term?kek gy?rt?sa","3.d Manufacture of Computers, Other Electronic, Optical, and Electrical Products","2017","1857"
"3. Industria prelucr?toare","3. Feldolgoz?ipar","3. Manufacturing Industry","3.d fabricarea calculatoarelor, altor produse electronice, optice ?i electrice","3.d sz?m?t?g?pek, egy?b elektronikus, optikai ?s elektromos term?kek gy?rt?sa","3.d Manufacture of Computers, Other Electronic, Optical, and Electrical Products","2018","1942"
"3. Industria prelucr?toare","3. Feldolgoz?ipar","3. Manufacturing Industry","3.d fabricarea calculatoarelor, altor produse electronice, optice ?i electrice","3.d sz?m?t?g?pek, egy?b elektronikus, optikai ?s elektromos term?kek gy?rt?sa","3.d Manufacture of Computers, Other Electronic, Optical, and Electrical Products","2019","2023"
"3. Industria prelucr?toare","3. Feldolgoz?ipar","3. Manufacturing Industry","3.d fabricarea calculatoarelor, altor produse electronice, optice ?i electrice","3.d sz?m?t?g?pek, egy?b elektronikus, optikai ?s elektromos term?kek gy?rt?sa","3.d Manufacture of Computers, Other Electronic, Optical, and Electrical Products","2020","2321"
"3. Industria prelucr?toare","3. Feldolgoz?ipar","3. Manufacturing Industry","3.d fabricarea calculatoarelor, altor produse electronice, optice ?i electrice","3.d sz?m?t?g?pek, egy?b elektronikus, optikai ?s elektromos term?kek gy?rt?sa","3.d Manufacture of Computers, Other Electronic, Optical, and Electrical Products","2021","2490"
"3. Industria prelucr?toare","3. Feldolgoz?ipar","3. Manufacturing Industry","3.d fabricarea calculatoarelor, altor produse electronice, optice ?i electrice","3.d sz?m?t?g?pek, egy?b elektronikus, optikai ?s elektromos term?kek gy?rt?sa","3.d Manufacture of Computers, Other Electronic, Optical, and Electrical Products","2022","3108"
"3. Industria prelucr?toare","3. Feldolgoz?ipar","3. Manufacturing Industry","3.d fabricarea calculatoarelor, altor produse electronice, optice ?i electrice","3.d sz?m?t?g?pek, egy?b elektronikus, optikai ?s elektromos term?kek gy?rt?sa","3.d Manufacture of Computers, Other Electronic, Optical, and Electrical Products","2023","3358"
"3. Industria prelucr?toare","3. Feldolgoz?ipar","3. Manufacturing Industry","3.e ma?ini, utilaje ?i echipamente","3.e g?pek, berendez?sek ?s felszerel?sek gy?rt?sa","3.e Machinery and Equipment Manufacturing","2013","1369"
"3. Industria prelucr?toare","3. Feldolgoz?ipar","3. Manufacturing Industry","3.e ma?ini, utilaje ?i echipamente","3.e g?pek, berendez?sek ?s felszerel?sek gy?rt?sa","3.e Machinery and Equipment Manufacturing","2014","1526"
"3. Industria prelucr?toare","3. Feldolgoz?ipar","3. Manufacturing Industry","3.e ma?ini, utilaje ?i echipamente","3.e g?pek, berendez?sek ?s felszerel?sek gy?rt?sa","3.e Machinery and Equipment Manufacturing","2015","1703"
"3. Industria prelucr?toare","3. Feldolgoz?ipar","3. Manufacturing Industry","3.e ma?ini, utilaje ?i echipamente","3.e g?pek, berendez?sek ?s felszerel?sek gy?rt?sa","3.e Machinery and Equipment Manufacturing","2016","1597"
"3. Industria prelucr?toare","3. Feldolgoz?ipar","3. Manufacturing Industry","3.e ma?ini, utilaje ?i echipamente","3.e g?pek, berendez?sek ?s felszerel?sek gy?rt?sa","3.e Machinery and Equipment Manufacturing","2017","1715"
"3. Industria prelucr?toare","3. Feldolgoz?ipar","3. Manufacturing Industry","3.e ma?ini, utilaje ?i echipamente","3.e g?pek, berendez?sek ?s felszerel?sek gy?rt?sa","3.e Machinery and Equipment Manufacturing","2018","1834"
"3. Industria prelucr?toare","3. Feldolgoz?ipar","3. Manufacturing Industry","3.e ma?ini, utilaje ?i echipamente","3.e g?pek, berendez?sek ?s felszerel?sek gy?rt?sa","3.e Machinery and Equipment Manufacturing","2019","1925"
"3. Industria prelucr?toare","3. Feldolgoz?ipar","3. Manufacturing Industry","3.e ma?ini, utilaje ?i echipamente","3.e g?pek, berendez?sek ?s felszerel?sek gy?rt?sa","3.e Machinery and Equipment Manufacturing","2020","1920"
"3. Industria prelucr?toare","3. Feldolgoz?ipar","3. Manufacturing Industry","3.e ma?ini, utilaje ?i echipamente","3.e g?pek, berendez?sek ?s felszerel?sek gy?rt?sa","3.e Machinery and Equipment Manufacturing","2021","2288"
"3. Industria prelucr?toare","3. Feldolgoz?ipar","3. Manufacturing Industry","3.e ma?ini, utilaje ?i echipamente","3.e g?pek, berendez?sek ?s felszerel?sek gy?rt?sa","3.e Machinery and Equipment Manufacturing","2022","2487"
"3. Industria prelucr?toare","3. Feldolgoz?ipar","3. Manufacturing Industry","3.e ma?ini, utilaje ?i echipamente","3.e g?pek, berendez?sek ?s felszerel?sek gy?rt?sa","3.e Machinery and Equipment Manufacturing","2023","2457"
"3. Industria prelucr?toare","3. Feldolgoz?ipar","3. Manufacturing Industry","3.f metalurgie","3.f koh?szat","3.f Metallurgy","2013","2435"
"3. Industria prelucr?toare","3. Feldolgoz?ipar","3. Manufacturing Industry","3.f metalurgie","3.f koh?szat","3.f Metallurgy","2014","2823"
"3. Industria prelucr?toare","3. Feldolgoz?ipar","3. Manufacturing Industry","3.f metalurgie","3.f koh?szat","3.f Metallurgy","2015","2672"
"3. Industria prelucr?toare","3. Feldolgoz?ipar","3. Manufacturing Industry","3.f metalurgie","3.f koh?szat","3.f Metallurgy","2016","2898"
"3. Industria prelucr?toare","3. Feldolgoz?ipar","3. Manufacturing Industry","3.f metalurgie","3.f koh?szat","3.f Metallurgy","2017","3153"
"3. Industria prelucr?toare","3. Feldolgoz?ipar","3. Manufacturing Industry","3.f metalurgie","3.f koh?szat","3.f Metallurgy","2018","3163"
"3. Industria prelucr?toare","3. Feldolgoz?ipar","3. Manufacturing Industry","3.f metalurgie","3.f koh?szat","3.f Metallurgy","2019","3167"
"3. Industria prelucr?toare","3. Feldolgoz?ipar","3. Manufacturing Industry","3.f metalurgie","3.f koh?szat","3.f Metallurgy","2020","3191"
"3. Industria prelucr?toare","3. Feldolgoz?ipar","3. Manufacturing Industry","3.f metalurgie","3.f koh?szat","3.f Metallurgy","2021","3244"
"3. Industria prelucr?toare","3. Feldolgoz?ipar","3. Manufacturing Industry","3.f metalurgie","3.f koh?szat","3.f Metallurgy","2022","3380"
"3. Industria prelucr?toare","3. Feldolgoz?ipar","3. Manufacturing Industry","3.f metalurgie","3.f koh?szat","3.f Metallurgy","2023","3490"
"3. Industria prelucr?toare","3. Feldolgoz?ipar","3. Manufacturing Industry","3.g mijloace de transport","3.g k?zleked?si eszk?z?k","3.g Means of Transport","2013","3322"
"3. Industria prelucr?toare","3. Feldolgoz?ipar","3. Manufacturing Industry","3.g mijloace de transport","3.g k?zleked?si eszk?z?k","3.g Means of Transport","2014","2708"
"3. Industria prelucr?toare","3. Feldolgoz?ipar","3. Manufacturing Industry","3.g mijloace de transport","3.g k?zleked?si eszk?z?k","3.g Means of Transport","2015","3309"
"3. Industria prelucr?toare","3. Feldolgoz?ipar","3. Manufacturing Industry","3.g mijloace de transport","3.g k?zleked?si eszk?z?k","3.g Means of Transport","2016","4684"
"3. Industria prelucr?toare","3. Feldolgoz?ipar","3. Manufacturing Industry","3.g mijloace de transport","3.g k?zleked?si eszk?z?k","3.g Means of Transport","2017","5626"
"3. Industria prelucr?toare","3. Feldolgoz?ipar","3. Manufacturing Industry","3.g mijloace de transport","3.g k?zleked?si eszk?z?k","3.g Means of Transport","2018","5441"
"3. Industria prelucr?toare","3. Feldolgoz?ipar","3. Manufacturing Industry","3.g mijloace de transport","3.g k?zleked?si eszk?z?k","3.g Means of Transport","2019","5732"
"3. Industria prelucr?toare","3. Feldolgoz?ipar","3. Manufacturing Industry","3.g mijloace de transport","3.g k?zleked?si eszk?z?k","3.g Means of Transport","2020","6088"
"3. Industria prelucr?toare","3. Feldolgoz?ipar","3. Manufacturing Industry","3.g mijloace de transport","3.g k?zleked?si eszk?z?k","3.g Means of Transport","2021","6736"
"3. Industria prelucr?toare","3. Feldolgoz?ipar","3. Manufacturing Industry","3.g mijloace de transport","3.g k?zleked?si eszk?z?k","3.g Means of Transport","2022","7213"
"3. Industria prelucr?toare","3. Feldolgoz?ipar","3. Manufacturing Industry","3.g mijloace de transport","3.g k?zleked?si eszk?z?k","3.g Means of Transport","2023","7820"
"3. Industria prelucr?toare","3. Feldolgoz?ipar","3. Manufacturing Industry","3.h prelucrare ?i?ei, produse chimice, cauciuc ?i mase plastice","3.h k?olaj-feldolgoz?s, vegyi term?kek, gumi ?s m?anyag gy?rt?sa","3.h Petroleum Refining, Chemical Products, Rubber, and Plastics","2013","3687"
"3. Industria prelucr?toare","3. Feldolgoz?ipar","3. Manufacturing Industry","3.h prelucrare ?i?ei, produse chimice, cauciuc ?i mase plastice","3.h k?olaj-feldolgoz?s, vegyi term?kek, gumi ?s m?anyag gy?rt?sa","3.h Petroleum Refining, Chemical Products, Rubber, and Plastics","2014","3679"
"3. Industria prelucr?toare","3. Feldolgoz?ipar","3. Manufacturing Industry","3.h prelucrare ?i?ei, produse chimice, cauciuc ?i mase plastice","3.h k?olaj-feldolgoz?s, vegyi term?kek, gumi ?s m?anyag gy?rt?sa","3.h Petroleum Refining, Chemical Products, Rubber, and Plastics","2015","3882"
"3. Industria prelucr?toare","3. Feldolgoz?ipar","3. Manufacturing Industry","3.h prelucrare ?i?ei, produse chimice, cauciuc ?i mase plastice","3.h k?olaj-feldolgoz?s, vegyi term?kek, gumi ?s m?anyag gy?rt?sa","3.h Petroleum Refining, Chemical Products, Rubber, and Plastics","2016","4530"
"3. Industria prelucr?toare","3. Feldolgoz?ipar","3. Manufacturing Industry","3.h prelucrare ?i?ei, produse chimice, cauciuc ?i mase plastice","3.h k?olaj-feldolgoz?s, vegyi term?kek, gumi ?s m?anyag gy?rt?sa","3.h Petroleum Refining, Chemical Products, Rubber, and Plastics","2017","4884"
"3. Industria prelucr?toare","3. Feldolgoz?ipar","3. Manufacturing Industry","3.h prelucrare ?i?ei, produse chimice, cauciuc ?i mase plastice","3.h k?olaj-feldolgoz?s, vegyi term?kek, gumi ?s m?anyag gy?rt?sa","3.h Petroleum Refining, Chemical Products, Rubber, and Plastics","2018","5175"
"3. Industria prelucr?toare","3. Feldolgoz?ipar","3. Manufacturing Industry","3.h prelucrare ?i?ei, produse chimice, cauciuc ?i mase plastice","3.h k?olaj-feldolgoz?s, vegyi term?kek, gumi ?s m?anyag gy?rt?sa","3.h Petroleum Refining, Chemical Products, Rubber, and Plastics","2019","5217"
"3. Industria prelucr?toare","3. Feldolgoz?ipar","3. Manufacturing Industry","3.h prelucrare ?i?ei, produse chimice, cauciuc ?i mase plastice","3.h k?olaj-feldolgoz?s, vegyi term?kek, gumi ?s m?anyag gy?rt?sa","3.h Petroleum Refining, Chemical Products, Rubber, and Plastics","2020","5136"
"3. Industria prelucr?toare","3. Feldolgoz?ipar","3. Manufacturing Industry","3.h prelucrare ?i?ei, produse chimice, cauciuc ?i mase plastice","3.h k?olaj-feldolgoz?s, vegyi term?kek, gumi ?s m?anyag gy?rt?sa","3.h Petroleum Refining, Chemical Products, Rubber, and Plastics","2021","6993"
"3. Industria prelucr?toare","3. Feldolgoz?ipar","3. Manufacturing Industry","3.h prelucrare ?i?ei, produse chimice, cauciuc ?i mase plastice","3.h k?olaj-feldolgoz?s, vegyi term?kek, gumi ?s m?anyag gy?rt?sa","3.h Petroleum Refining, Chemical Products, Rubber, and Plastics","2022","6867"
"3. Industria prelucr?toare","3. Feldolgoz?ipar","3. Manufacturing Industry","3.h prelucrare ?i?ei, produse chimice, cauciuc ?i mase plastice","3.h k?olaj-feldolgoz?s, vegyi term?kek, gumi ?s m?anyag gy?rt?sa","3.h Petroleum Refining, Chemical Products, Rubber, and Plastics","2023","7311"
"3. Industria prelucr?toare","3. Feldolgoz?ipar","3. Manufacturing Industry","3.i textile, confec?ii ?i piel?rie","3.i text?li?k, ruh?zat ?s b?r?ruk","3.i Textiles, Apparel, and Leather Goods","2013","793"
"3. Industria prelucr?toare","3. Feldolgoz?ipar","3. Manufacturing Industry","3.i textile, confec?ii ?i piel?rie","3.i text?li?k, ruh?zat ?s b?r?ruk","3.i Textiles, Apparel, and Leather Goods","2014","919"
"3. Industria prelucr?toare","3. Feldolgoz?ipar","3. Manufacturing Industry","3.i textile, confec?ii ?i piel?rie","3.i text?li?k, ruh?zat ?s b?r?ruk","3.i Textiles, Apparel, and Leather Goods","2015","999"
"3. Industria prelucr?toare","3. Feldolgoz?ipar","3. Manufacturing Industry","3.i textile, confec?ii ?i piel?rie","3.i text?li?k, ruh?zat ?s b?r?ruk","3.i Textiles, Apparel, and Leather Goods","2016","1037"
"3. Industria prelucr?toare","3. Feldolgoz?ipar","3. Manufacturing Industry","3.i textile, confec?ii ?i piel?rie","3.i text?li?k, ruh?zat ?s b?r?ruk","3.i Textiles, Apparel, and Leather Goods","2017","1068"
"3. Industria prelucr?toare","3. Feldolgoz?ipar","3. Manufacturing Industry","3.i textile, confec?ii ?i piel?rie","3.i text?li?k, ruh?zat ?s b?r?ruk","3.i Textiles, Apparel, and Leather Goods","2018","1018"
"3. Industria prelucr?toare","3. Feldolgoz?ipar","3. Manufacturing Industry","3.i textile, confec?ii ?i piel?rie","3.i text?li?k, ruh?zat ?s b?r?ruk","3.i Textiles, Apparel, and Leather Goods","2019","1016"
"3. Industria prelucr?toare","3. Feldolgoz?ipar","3. Manufacturing Industry","3.i textile, confec?ii ?i piel?rie","3.i text?li?k, ruh?zat ?s b?r?ruk","3.i Textiles, Apparel, and Leather Goods","2020","989"
"3. Industria prelucr?toare","3. Feldolgoz?ipar","3. Manufacturing Industry","3.i textile, confec?ii ?i piel?rie","3.i text?li?k, ruh?zat ?s b?r?ruk","3.i Textiles, Apparel, and Leather Goods","2021","978"
"3. Industria prelucr?toare","3. Feldolgoz?ipar","3. Manufacturing Industry","3.i textile, confec?ii ?i piel?rie","3.i text?li?k, ruh?zat ?s b?r?ruk","3.i Textiles, Apparel, and Leather Goods","2022","971"
"3. Industria prelucr?toare","3. Feldolgoz?ipar","3. Manufacturing Industry","3.i textile, confec?ii ?i piel?rie","3.i text?li?k, ruh?zat ?s b?r?ruk","3.i Textiles, Apparel, and Leather Goods","2023","1018"
"3. Industria prelucr?toare","3. Feldolgoz?ipar","3. Manufacturing Industry","3.j alte ramuri ale industriei prelucr?toare","3.j feldolgoz?ipar egy?b ?gai","3.j Other Branches of Manufacturing","2013","491"
"3. Industria prelucr?toare","3. Feldolgoz?ipar","3. Manufacturing Industry","3.j alte ramuri ale industriei prelucr?toare","3.j feldolgoz?ipar egy?b ?gai","3.j Other Branches of Manufacturing","2014","555"
"3. Industria prelucr?toare","3. Feldolgoz?ipar","3. Manufacturing Industry","3.j alte ramuri ale industriei prelucr?toare","3.j feldolgoz?ipar egy?b ?gai","3.j Other Branches of Manufacturing","2015","582"
"3. Industria prelucr?toare","3. Feldolgoz?ipar","3. Manufacturing Industry","3.j alte ramuri ale industriei prelucr?toare","3.j feldolgoz?ipar egy?b ?gai","3.j Other Branches of Manufacturing","2016","757"
"3. Industria prelucr?toare","3. Feldolgoz?ipar","3. Manufacturing Industry","3.j alte ramuri ale industriei prelucr?toare","3.j feldolgoz?ipar egy?b ?gai","3.j Other Branches of Manufacturing","2017","671"
"3. Industria prelucr?toare","3. Feldolgoz?ipar","3. Manufacturing Industry","3.j alte ramuri ale industriei prelucr?toare","3.j feldolgoz?ipar egy?b ?gai","3.j Other Branches of Manufacturing","2018","886"
"3. Industria prelucr?toare","3. Feldolgoz?ipar","3. Manufacturing Industry","3.j alte ramuri ale industriei prelucr?toare","3.j feldolgoz?ipar egy?b ?gai","3.j Other Branches of Manufacturing","2019","900"
"3. Industria prelucr?toare","3. Feldolgoz?ipar","3. Manufacturing Industry","3.j alte ramuri ale industriei prelucr?toare","3.j feldolgoz?ipar egy?b ?gai","3.j Other Branches of Manufacturing","2020","987"
"3. Industria prelucr?toare","3. Feldolgoz?ipar","3. Manufacturing Industry","3.j alte ramuri ale industriei prelucr?toare","3.j feldolgoz?ipar egy?b ?gai","3.j Other Branches of Manufacturing","2021","1064"
"3. Industria prelucr?toare","3. Feldolgoz?ipar","3. Manufacturing Industry","3.j alte ramuri ale industriei prelucr?toare","3.j feldolgoz?ipar egy?b ?gai","3.j Other Branches of Manufacturing","2022","1199"
"3. Industria prelucr?toare","3. Feldolgoz?ipar","3. Manufacturing Industry","3.j alte ramuri ale industriei prelucr?toare","3.j feldolgoz?ipar egy?b ?gai","3.j Other Branches of Manufacturing","2023","1288"
"4. Energie electric?, gaze ?i ap?","4. Villamos energia, g?z ?s v?z","4. Electricity, Gas, and Water","4. Energie electric?, gaze ?i ap?","4. Villamos energia, g?z ?s v?z","4. Electricity, Gas, and Water","2013","6881"
"4. Energie electric?, gaze ?i ap?","4. Villamos energia, g?z ?s v?z","4. Electricity, Gas, and Water","4. Energie electric?, gaze ?i ap?","4. Villamos energia, g?z ?s v?z","4. Electricity, Gas, and Water","2014","7195"
"4. Energie electric?, gaze ?i ap?","4. Villamos energia, g?z ?s v?z","4. Electricity, Gas, and Water","4. Energie electric?, gaze ?i ap?","4. Villamos energia, g?z ?s v?z","4. Electricity, Gas, and Water","2015","6561"
"4. Energie electric?, gaze ?i ap?","4. Villamos energia, g?z ?s v?z","4. Electricity, Gas, and Water","4. Energie electric?, gaze ?i ap?","4. Villamos energia, g?z ?s v?z","4. Electricity, Gas, and Water","2016","6788"
"4. Energie electric?, gaze ?i ap?","4. Villamos energia, g?z ?s v?z","4. Electricity, Gas, and Water","4. Energie electric?, gaze ?i ap?","4. Villamos energia, g?z ?s v?z","4. Electricity, Gas, and Water","2017","6451"
"4. Energie electric?, gaze ?i ap?","4. Villamos energia, g?z ?s v?z","4. Electricity, Gas, and Water","4. Energie electric?, gaze ?i ap?","4. Villamos energia, g?z ?s v?z","4. Electricity, Gas, and Water","2018","6006"
"4. Energie electric?, gaze ?i ap?","4. Villamos energia, g?z ?s v?z","4. Electricity, Gas, and Water","4. Energie electric?, gaze ?i ap?","4. Villamos energia, g?z ?s v?z","4. Electricity, Gas, and Water","2019","6131"
"4. Energie electric?, gaze ?i ap?","4. Villamos energia, g?z ?s v?z","4. Electricity, Gas, and Water","4. Energie electric?, gaze ?i ap?","4. Villamos energia, g?z ?s v?z","4. Electricity, Gas, and Water","2020","5845"
"4. Energie electric?, gaze ?i ap?","4. Villamos energia, g?z ?s v?z","4. Electricity, Gas, and Water","4. Energie electric?, gaze ?i ap?","4. Villamos energia, g?z ?s v?z","4. Electricity, Gas, and Water","2021","4928"
"4. Energie electric?, gaze ?i ap?","4. Villamos energia, g?z ?s v?z","4. Electricity, Gas, and Water","4. Energie electric?, gaze ?i ap?","4. Villamos energia, g?z ?s v?z","4. Electricity, Gas, and Water","2022","5651"
"4. Energie electric?, gaze ?i ap?","4. Villamos energia, g?z ?s v?z","4. Electricity, Gas, and Water","4. Energie electric?, gaze ?i ap?","4. Villamos energia, g?z ?s v?z","4. Electricity, Gas, and Water","2023","6289"
"5. Activit??i profesionale, ?tiin?ifice, tehnice ?i administrative ?i servicii suport","5. Szakmai, tudom?nyos, m?szaki ?s adminisztrat?v tev?kenys?gek ?s t?mogat? szolg?ltat?sok","5. Professional, Scientific, Technical, and Administrative Activities and Support Services","5. Activit??i profesionale, ?tiin?ifice, tehnice ?i administrative ?i servicii suport","5. Szakmai, tudom?nyos, m?szaki ?s adminisztrat?v tev?kenys?gek ?s t?mogat? szolg?ltat?sok","5. Professional, Scientific, Technical, and Administrative Activities and Support Services","2013","2999"
"5. Activit??i profesionale, ?tiin?ifice, tehnice ?i administrative ?i servicii suport","5. Szakmai, tudom?nyos, m?szaki ?s adminisztrat?v tev?kenys?gek ?s t?mogat? szolg?ltat?sok","5. Professional, Scientific, Technical, and Administrative Activities and Support Services","5. Activit??i profesionale, ?tiin?ifice, tehnice ?i administrative ?i servicii suport","5. Szakmai, tudom?nyos, m?szaki ?s adminisztrat?v tev?kenys?gek ?s t?mogat? szolg?ltat?sok","5. Professional, Scientific, Technical, and Administrative Activities and Support Services","2014","3180"
"5. Activit??i profesionale, ?tiin?ifice, tehnice ?i administrative ?i servicii suport","5. Szakmai, tudom?nyos, m?szaki ?s adminisztrat?v tev?kenys?gek ?s t?mogat? szolg?ltat?sok","5. Professional, Scientific, Technical, and Administrative Activities and Support Services","5. Activit??i profesionale, ?tiin?ifice, tehnice ?i administrative ?i servicii suport","5. Szakmai, tudom?nyos, m?szaki ?s adminisztrat?v tev?kenys?gek ?s t?mogat? szolg?ltat?sok","5. Professional, Scientific, Technical, and Administrative Activities and Support Services","2015","4133"
"5. Activit??i profesionale, ?tiin?ifice, tehnice ?i administrative ?i servicii suport","5. Szakmai, tudom?nyos, m?szaki ?s adminisztrat?v tev?kenys?gek ?s t?mogat? szolg?ltat?sok","5. Professional, Scientific, Technical, and Administrative Activities and Support Services","5. Activit??i profesionale, ?tiin?ifice, tehnice ?i administrative ?i servicii suport","5. Szakmai, tudom?nyos, m?szaki ?s adminisztrat?v tev?kenys?gek ?s t?mogat? szolg?ltat?sok","5. Professional, Scientific, Technical, and Administrative Activities and Support Services","2016","3984"
"5. Activit??i profesionale, ?tiin?ifice, tehnice ?i administrative ?i servicii suport","5. Szakmai, tudom?nyos, m?szaki ?s adminisztrat?v tev?kenys?gek ?s t?mogat? szolg?ltat?sok","5. Professional, Scientific, Technical, and Administrative Activities and Support Services","5. Activit??i profesionale, ?tiin?ifice, tehnice ?i administrative ?i servicii suport","5. Szakmai, tudom?nyos, m?szaki ?s adminisztrat?v tev?kenys?gek ?s t?mogat? szolg?ltat?sok","5. Professional, Scientific, Technical, and Administrative Activities and Support Services","2017","4088"
"5. Activit??i profesionale, ?tiin?ifice, tehnice ?i administrative ?i servicii suport","5. Szakmai, tudom?nyos, m?szaki ?s adminisztrat?v tev?kenys?gek ?s t?mogat? szolg?ltat?sok","5. Professional, Scientific, Technical, and Administrative Activities and Support Services","5. Activit??i profesionale, ?tiin?ifice, tehnice ?i administrative ?i servicii suport","5. Szakmai, tudom?nyos, m?szaki ?s adminisztrat?v tev?kenys?gek ?s t?mogat? szolg?ltat?sok","5. Professional, Scientific, Technical, and Administrative Activities and Support Services","2018","3991"
"5. Activit??i profesionale, ?tiin?ifice, tehnice ?i administrative ?i servicii suport","5. Szakmai, tudom?nyos, m?szaki ?s adminisztrat?v tev?kenys?gek ?s t?mogat? szolg?ltat?sok","5. Professional, Scientific, Technical, and Administrative Activities and Support Services","5. Activit??i profesionale, ?tiin?ifice, tehnice ?i administrative ?i servicii suport","5. Szakmai, tudom?nyos, m?szaki ?s adminisztrat?v tev?kenys?gek ?s t?mogat? szolg?ltat?sok","5. Professional, Scientific, Technical, and Administrative Activities and Support Services","2019","4386"
"5. Activit??i profesionale, ?tiin?ifice, tehnice ?i administrative ?i servicii suport","5. Szakmai, tudom?nyos, m?szaki ?s adminisztrat?v tev?kenys?gek ?s t?mogat? szolg?ltat?sok","5. Professional, Scientific, Technical, and Administrative Activities and Support Services","5. Activit??i profesionale, ?tiin?ifice, tehnice ?i administrative ?i servicii suport","5. Szakmai, tudom?nyos, m?szaki ?s adminisztrat?v tev?kenys?gek ?s t?mogat? szolg?ltat?sok","5. Professional, Scientific, Technical, and Administrative Activities and Support Services","2020","4183"
"5. Activit??i profesionale, ?tiin?ifice, tehnice ?i administrative ?i servicii suport","5. Szakmai, tudom?nyos, m?szaki ?s adminisztrat?v tev?kenys?gek ?s t?mogat? szolg?ltat?sok","5. Professional, Scientific, Technical, and Administrative Activities and Support Services","5. Activit??i profesionale, ?tiin?ifice, tehnice ?i administrative ?i servicii suport","5. Szakmai, tudom?nyos, m?szaki ?s adminisztrat?v tev?kenys?gek ?s t?mogat? szolg?ltat?sok","5. Professional, Scientific, Technical, and Administrative Activities and Support Services","2021","4040"
"5. Activit??i profesionale, ?tiin?ifice, tehnice ?i administrative ?i servicii suport","5. Szakmai, tudom?nyos, m?szaki ?s adminisztrat?v tev?kenys?gek ?s t?mogat? szolg?ltat?sok","5. Professional, Scientific, Technical, and Administrative Activities and Support Services","5. Activit??i profesionale, ?tiin?ifice, tehnice ?i administrative ?i servicii suport","5. Szakmai, tudom?nyos, m?szaki ?s adminisztrat?v tev?kenys?gek ?s t?mogat? szolg?ltat?sok","5. Professional, Scientific, Technical, and Administrative Activities and Support Services","2022","4322"
"5. Activit??i profesionale, ?tiin?ifice, tehnice ?i administrative ?i servicii suport","5. Szakmai, tudom?nyos, m?szaki ?s adminisztrat?v tev?kenys?gek ?s t?mogat? szolg?ltat?sok","5. Professional, Scientific, Technical, and Administrative Activities and Support Services","5. Activit??i profesionale, ?tiin?ifice, tehnice ?i administrative ?i servicii suport","5. Szakmai, tudom?nyos, m?szaki ?s adminisztrat?v tev?kenys?gek ?s t?mogat? szolg?ltat?sok","5. Professional, Scientific, Technical, and Administrative Activities and Support Services","2023","5131"
"6. Agricultur?, silvicultur? ?i pescuit","6. Mez?gazdas?g, erd?szet ?s hal?szat","6. Agriculture, Forestry, and Fishing","6. Agricultur?, silvicultur? ?i pescuit","6. Mez?gazdas?g, erd?szet ?s hal?szat","6. Agriculture, Forestry, and Fishing","2013","1335"
"6. Agricultur?, silvicultur? ?i pescuit","6. Mez?gazdas?g, erd?szet ?s hal?szat","6. Agriculture, Forestry, and Fishing","6. Agricultur?, silvicultur? ?i pescuit","6. Mez?gazdas?g, erd?szet ?s hal?szat","6. Agriculture, Forestry, and Fishing","2014","1623"
"6. Agricultur?, silvicultur? ?i pescuit","6. Mez?gazdas?g, erd?szet ?s hal?szat","6. Agriculture, Forestry, and Fishing","6. Agricultur?, silvicultur? ?i pescuit","6. Mez?gazdas?g, erd?szet ?s hal?szat","6. Agriculture, Forestry, and Fishing","2015","1709"
"6. Agricultur?, silvicultur? ?i pescuit","6. Mez?gazdas?g, erd?szet ?s hal?szat","6. Agriculture, Forestry, and Fishing","6. Agricultur?, silvicultur? ?i pescuit","6. Mez?gazdas?g, erd?szet ?s hal?szat","6. Agriculture, Forestry, and Fishing","2016","1864"
"6. Agricultur?, silvicultur? ?i pescuit","6. Mez?gazdas?g, erd?szet ?s hal?szat","6. Agriculture, Forestry, and Fishing","6. Agricultur?, silvicultur? ?i pescuit","6. Mez?gazdas?g, erd?szet ?s hal?szat","6. Agriculture, Forestry, and Fishing","2017","2272"
"6. Agricultur?, silvicultur? ?i pescuit","6. Mez?gazdas?g, erd?szet ?s hal?szat","6. Agriculture, Forestry, and Fishing","6. Agricultur?, silvicultur? ?i pescuit","6. Mez?gazdas?g, erd?szet ?s hal?szat","6. Agriculture, Forestry, and Fishing","2018","2406"
"6. Agricultur?, silvicultur? ?i pescuit","6. Mez?gazdas?g, erd?szet ?s hal?szat","6. Agriculture, Forestry, and Fishing","6. Agricultur?, silvicultur? ?i pescuit","6. Mez?gazdas?g, erd?szet ?s hal?szat","6. Agriculture, Forestry, and Fishing","2019","2637"
"6. Agricultur?, silvicultur? ?i pescuit","6. Mez?gazdas?g, erd?szet ?s hal?szat","6. Agriculture, Forestry, and Fishing","6. Agricultur?, silvicultur? ?i pescuit","6. Mez?gazdas?g, erd?szet ?s hal?szat","6. Agriculture, Forestry, and Fishing","2020","2621"
"6. Agricultur?, silvicultur? ?i pescuit","6. Mez?gazdas?g, erd?szet ?s hal?szat","6. Agriculture, Forestry, and Fishing","6. Agricultur?, silvicultur? ?i pescuit","6. Mez?gazdas?g, erd?szet ?s hal?szat","6. Agriculture, Forestry, and Fishing","2021","2215"
"6. Agricultur?, silvicultur? ?i pescuit","6. Mez?gazdas?g, erd?szet ?s hal?szat","6. Agriculture, Forestry, and Fishing","6. Agricultur?, silvicultur? ?i pescuit","6. Mez?gazdas?g, erd?szet ?s hal?szat","6. Agriculture, Forestry, and Fishing","2022","1986"
"6. Agricultur?, silvicultur? ?i pescuit","6. Mez?gazdas?g, erd?szet ?s hal?szat","6. Agriculture, Forestry, and Fishing","6. Agricultur?, silvicultur? ?i pescuit","6. Mez?gazdas?g, erd?szet ?s hal?szat","6. Agriculture, Forestry, and Fishing","2023","2227"
"7. Comer?","7. Kereskedelem","7. Trade","7. Comer?","7. Kereskedelem","7. Trade","2013","6405"
"7. Comer?","7. Kereskedelem","7. Trade","7. Comer?","7. Kereskedelem","7. Trade","2014","6685"
"7. Comer?","7. Kereskedelem","7. Trade","7. Comer?","7. Kereskedelem","7. Trade","2015","7441"
"7. Comer?","7. Kereskedelem","7. Trade","7. Comer?","7. Kereskedelem","7. Trade","2016","8992"
"7. Comer?","7. Kereskedelem","7. Trade","7. Comer?","7. Kereskedelem","7. Trade","2017","10446"
"7. Comer?","7. Kereskedelem","7. Trade","7. Comer?","7. Kereskedelem","7. Trade","2018","12865"
"7. Comer?","7. Kereskedelem","7. Trade","7. Comer?","7. Kereskedelem","7. Trade","2019","14681"
"7. Comer?","7. Kereskedelem","7. Trade","7. Comer?","7. Kereskedelem","7. Trade","2020","15658"
"7. Comer?","7. Kereskedelem","7. Trade","7. Comer?","7. Kereskedelem","7. Trade","2021","17243"
"7. Comer?","7. Kereskedelem","7. Trade","7. Comer?","7. Kereskedelem","7. Trade","2022","19139"
"7. Comer?","7. Kereskedelem","7. Trade","7. Comer?","7. Kereskedelem","7. Trade","2023","20224"
"8. Construc?ii ?i tranzac?ii imobiliare","8. ?p?t?ipar ?s ingatlan?gyletek","8. Construction and Real Estate Transactions","8. Construc?ii ?i tranzac?ii imobiliare","8. ?p?t?ipar ?s ingatlan?gyletek","8. Construction and Real Estate Transactions","2013","6270"
"8. Construc?ii ?i tranzac?ii imobiliare","8. ?p?t?ipar ?s ingatlan?gyletek","8. Construction and Real Estate Transactions","8. Construc?ii ?i tranzac?ii imobiliare","8. ?p?t?ipar ?s ingatlan?gyletek","8. Construction and Real Estate Transactions","2014","6542"
"8. Construc?ii ?i tranzac?ii imobiliare","8. ?p?t?ipar ?s ingatlan?gyletek","8. Construction and Real Estate Transactions","8. Construc?ii ?i tranzac?ii imobiliare","8. ?p?t?ipar ?s ingatlan?gyletek","8. Construction and Real Estate Transactions","2015","8372"
"8. Construc?ii ?i tranzac?ii imobiliare","8. ?p?t?ipar ?s ingatlan?gyletek","8. Construction and Real Estate Transactions","8. Construc?ii ?i tranzac?ii imobiliare","8. ?p?t?ipar ?s ingatlan?gyletek","8. Construction and Real Estate Transactions","2016","10060"
"8. Construc?ii ?i tranzac?ii imobiliare","8. ?p?t?ipar ?s ingatlan?gyletek","8. Construction and Real Estate Transactions","8. Construc?ii ?i tranzac?ii imobiliare","8. ?p?t?ipar ?s ingatlan?gyletek","8. Construction and Real Estate Transactions","2017","11611"
"8. Construc?ii ?i tranzac?ii imobiliare","8. ?p?t?ipar ?s ingatlan?gyletek","8. Construction and Real Estate Transactions","8. Construc?ii ?i tranzac?ii imobiliare","8. ?p?t?ipar ?s ingatlan?gyletek","8. Construction and Real Estate Transactions","2018","13651"
"8. Construc?ii ?i tranzac?ii imobiliare","8. ?p?t?ipar ?s ingatlan?gyletek","8. Construction and Real Estate Transactions","8. Construc?ii ?i tranzac?ii imobiliare","8. ?p?t?ipar ?s ingatlan?gyletek","8. Construction and Real Estate Transactions","2019","14928"
"8. Construc?ii ?i tranzac?ii imobiliare","8. ?p?t?ipar ?s ingatlan?gyletek","8. Construction and Real Estate Transactions","8. Construc?ii ?i tranzac?ii imobiliare","8. ?p?t?ipar ?s ingatlan?gyletek","8. Construction and Real Estate Transactions","2020","15361"
"8. Construc?ii ?i tranzac?ii imobiliare","8. ?p?t?ipar ?s ingatlan?gyletek","8. Construction and Real Estate Transactions","8. Construc?ii ?i tranzac?ii imobiliare","8. ?p?t?ipar ?s ingatlan?gyletek","8. Construction and Real Estate Transactions","2021","17443"
"8. Construc?ii ?i tranzac?ii imobiliare","8. ?p?t?ipar ?s ingatlan?gyletek","8. Construction and Real Estate Transactions","8. Construc?ii ?i tranzac?ii imobiliare","8. ?p?t?ipar ?s ingatlan?gyletek","8. Construction and Real Estate Transactions","2022","18588"
"8. Construc?ii ?i tranzac?ii imobiliare","8. ?p?t?ipar ?s ingatlan?gyletek","8. Construction and Real Estate Transactions","8. Construc?ii ?i tranzac?ii imobiliare","8. ?p?t?ipar ?s ingatlan?gyletek","8. Construction and Real Estate Transactions","2023","20718"
"9. Hoteluri ?i restaurante","9. Sz?llod?k ?s ?ttermek","9. Hotels and Restaurants","9. Hoteluri ?i restaurante","9. Sz?llod?k ?s ?ttermek","9. Hotels and Restaurants","2013","385"
"9. Hoteluri ?i restaurante","9. Sz?llod?k ?s ?ttermek","9. Hotels and Restaurants","9. Hoteluri ?i restaurante","9. Sz?llod?k ?s ?ttermek","9. Hotels and Restaurants","2014","618"
"9. Hoteluri ?i restaurante","9. Sz?llod?k ?s ?ttermek","9. Hotels and Restaurants","9. Hoteluri ?i restaurante","9. Sz?llod?k ?s ?ttermek","9. Hotels and Restaurants","2015","534"
"9. Hoteluri ?i restaurante","9. Sz?llod?k ?s ?ttermek","9. Hotels and Restaurants","9. Hoteluri ?i restaurante","9. Sz?llod?k ?s ?ttermek","9. Hotels and Restaurants","2016","418"
"9. Hoteluri ?i restaurante","9. Sz?llod?k ?s ?ttermek","9. Hotels and Restaurants","9. Hoteluri ?i restaurante","9. Sz?llod?k ?s ?ttermek","9. Hotels and Restaurants","2017","449"
"9. Hoteluri ?i restaurante","9. Sz?llod?k ?s ?ttermek","9. Hotels and Restaurants","9. Hoteluri ?i restaurante","9. Sz?llod?k ?s ?ttermek","9. Hotels and Restaurants","2018","528"
"9. Hoteluri ?i restaurante","9. Sz?llod?k ?s ?ttermek","9. Hotels and Restaurants","9. Hoteluri ?i restaurante","9. Sz?llod?k ?s ?ttermek","9. Hotels and Restaurants","2019","605"
"9. Hoteluri ?i restaurante","9. Sz?llod?k ?s ?ttermek","9. Hotels and Restaurants","9. Hoteluri ?i restaurante","9. Sz?llod?k ?s ?ttermek","9. Hotels and Restaurants","2020","651"
"9. Hoteluri ?i restaurante","9. Sz?llod?k ?s ?ttermek","9. Hotels and Restaurants","9. Hoteluri ?i restaurante","9. Sz?llod?k ?s ?ttermek","9. Hotels and Restaurants","2021","703"
"9. Hoteluri ?i restaurante","9. Sz?llod?k ?s ?ttermek","9. Hotels and Restaurants","9. Hoteluri ?i restaurante","9. Sz?llod?k ?s ?ttermek","9. Hotels and Restaurants","2022","844"
"9. Hoteluri ?i restaurante","9. Sz?llod?k ?s ?ttermek","9. Hotels and Restaurants","9. Hoteluri ?i restaurante","9. Sz?llod?k ?s ?ttermek","9. Hotels and Restaurants","2023","898"
"10. Intermedieri financiare ?i asigur?ri","10. P?nz?gyi k?zvet?t?s ?s biztos?t?s","10. Financial Intermediation and Insurance","10. Intermedieri financiare ?i asigur?ri","10. P?nz?gyi k?zvet?t?s ?s biztos?t?s","10. Financial Intermediation and Insurance","2013","8564"
"10. Intermedieri financiare ?i asigur?ri","10. P?nz?gyi k?zvet?t?s ?s biztos?t?s","10. Financial Intermediation and Insurance","10. Intermedieri financiare ?i asigur?ri","10. P?nz?gyi k?zvet?t?s ?s biztos?t?s","10. Financial Intermediation and Insurance","2014","8822"
"10. Intermedieri financiare ?i asigur?ri","10. P?nz?gyi k?zvet?t?s ?s biztos?t?s","10. Financial Intermediation and Insurance","10. Intermedieri financiare ?i asigur?ri","10. P?nz?gyi k?zvet?t?s ?s biztos?t?s","10. Financial Intermediation and Insurance","2015","9308"
"10. Intermedieri financiare ?i asigur?ri","10. P?nz?gyi k?zvet?t?s ?s biztos?t?s","10. Financial Intermediation and Insurance","10. Intermedieri financiare ?i asigur?ri","10. P?nz?gyi k?zvet?t?s ?s biztos?t?s","10. Financial Intermediation and Insurance","2016","9398"
"10. Intermedieri financiare ?i asigur?ri","10. P?nz?gyi k?zvet?t?s ?s biztos?t?s","10. Financial Intermediation and Insurance","10. Intermedieri financiare ?i asigur?ri","10. P?nz?gyi k?zvet?t?s ?s biztos?t?s","10. Financial Intermediation and Insurance","2017","10152"
"10. Intermedieri financiare ?i asigur?ri","10. P?nz?gyi k?zvet?t?s ?s biztos?t?s","10. Financial Intermediation and Insurance","10. Intermedieri financiare ?i asigur?ri","10. P?nz?gyi k?zvet?t?s ?s biztos?t?s","10. Financial Intermediation and Insurance","2018","10746"
"10. Intermedieri financiare ?i asigur?ri","10. P?nz?gyi k?zvet?t?s ?s biztos?t?s","10. Financial Intermediation and Insurance","10. Intermedieri financiare ?i asigur?ri","10. P?nz?gyi k?zvet?t?s ?s biztos?t?s","10. Financial Intermediation and Insurance","2019","10582"
"10. Intermedieri financiare ?i asigur?ri","10. P?nz?gyi k?zvet?t?s ?s biztos?t?s","10. Financial Intermediation and Insurance","10. Intermedieri financiare ?i asigur?ri","10. P?nz?gyi k?zvet?t?s ?s biztos?t?s","10. Financial Intermediation and Insurance","2020","10746"
"10. Intermedieri financiare ?i asigur?ri","10. P?nz?gyi k?zvet?t?s ?s biztos?t?s","10. Financial Intermediation and Insurance","10. Intermedieri financiare ?i asigur?ri","10. P?nz?gyi k?zvet?t?s ?s biztos?t?s","10. Financial Intermediation and Insurance","2021","13580"
"10. Intermedieri financiare ?i asigur?ri","10. P?nz?gyi k?zvet?t?s ?s biztos?t?s","10. Financial Intermediation and Insurance","10. Intermedieri financiare ?i asigur?ri","10. P?nz?gyi k?zvet?t?s ?s biztos?t?s","10. Financial Intermediation and Insurance","2022","14352"
"10. Intermedieri financiare ?i asigur?ri","10. P?nz?gyi k?zvet?t?s ?s biztos?t?s","10. Financial Intermediation and Insurance","10. Intermedieri financiare ?i asigur?ri","10. P?nz?gyi k?zvet?t?s ?s biztos?t?s","10. Financial Intermediation and Insurance","2023","15421"
"11. Tehnologia informa?iei ?i comunica?ii","11. Inform?ci?s ?s kommunik?ci?s technol?gia","11. Information Technology and Communications","11. Tehnologia informa?iei ?i comunica?ii","11. Inform?ci?s ?s kommunik?ci?s technol?gia","11. Information Technology and Communications","2013","4390"
"11. Tehnologia informa?iei ?i comunica?ii","11. Inform?ci?s ?s kommunik?ci?s technol?gia","11. Information Technology and Communications","11. Tehnologia informa?iei ?i comunica?ii","11. Inform?ci?s ?s kommunik?ci?s technol?gia","11. Information Technology and Communications","2014","4019"
"11. Tehnologia informa?iei ?i comunica?ii","11. Inform?ci?s ?s kommunik?ci?s technol?gia","11. Information Technology and Communications","11. Tehnologia informa?iei ?i comunica?ii","11. Inform?ci?s ?s kommunik?ci?s technol?gia","11. Information Technology and Communications","2015","4134"
"11. Tehnologia informa?iei ?i comunica?ii","11. Inform?ci?s ?s kommunik?ci?s technol?gia","11. Information Technology and Communications","11. Tehnologia informa?iei ?i comunica?ii","11. Inform?ci?s ?s kommunik?ci?s technol?gia","11. Information Technology and Communications","2016","3704"
"11. Tehnologia informa?iei ?i comunica?ii","11. Inform?ci?s ?s kommunik?ci?s technol?gia","11. Information Technology and Communications","11. Tehnologia informa?iei ?i comunica?ii","11. Inform?ci?s ?s kommunik?ci?s technol?gia","11. Information Technology and Communications","2017","3321"
"11. Tehnologia informa?iei ?i comunica?ii","11. Inform?ci?s ?s kommunik?ci?s technol?gia","11. Information Technology and Communications","11. Tehnologia informa?iei ?i comunica?ii","11. Inform?ci?s ?s kommunik?ci?s technol?gia","11. Information Technology and Communications","2018","3441"
"11. Tehnologia informa?iei ?i comunica?ii","11. Inform?ci?s ?s kommunik?ci?s technol?gia","11. Information Technology and Communications","11. Tehnologia informa?iei ?i comunica?ii","11. Inform?ci?s ?s kommunik?ci?s technol?gia","11. Information Technology and Communications","2019","3481"
"11. Tehnologia informa?iei ?i comunica?ii","11. Inform?ci?s ?s kommunik?ci?s technol?gia","11. Information Technology and Communications","11. Tehnologia informa?iei ?i comunica?ii","11. Inform?ci?s ?s kommunik?ci?s technol?gia","11. Information Technology and Communications","2020","3419"
"11. Tehnologia informa?iei ?i comunica?ii","11. Inform?ci?s ?s kommunik?ci?s technol?gia","11. Information Technology and Communications","11. Tehnologia informa?iei ?i comunica?ii","11. Inform?ci?s ?s kommunik?ci?s technol?gia","11. Information Technology and Communications","2021","4161"
"11. Tehnologia informa?iei ?i comunica?ii","11. Inform?ci?s ?s kommunik?ci?s technol?gia","11. Information Technology and Communications","11. Tehnologia informa?iei ?i comunica?ii","11. Inform?ci?s ?s kommunik?ci?s technol?gia","11. Information Technology and Communications","2022","4356"
"11. Tehnologia informa?iei ?i comunica?ii","11. Inform?ci?s ?s kommunik?ci?s technol?gia","11. Information Technology and Communications","11. Tehnologia informa?iei ?i comunica?ii","11. Inform?ci?s ?s kommunik?ci?s technol?gia","11. Information Technology and Communications","2023","4940"
"12. Transporturi","12. Sz?ll?t?s","12. Transportation","12. Transporturi","12. Sz?ll?t?s","12. Transportation","2013","971"
"12. Transporturi","12. Sz?ll?t?s","12. Transportation","12. Transporturi","12. Sz?ll?t?s","12. Transportation","2014","1080"
"12. Transporturi","12. Sz?ll?t?s","12. Transportation","12. Transporturi","12. Sz?ll?t?s","12. Transportation","2015","1124"
"12. Transporturi","12. Sz?ll?t?s","12. Transportation","12. Transporturi","12. Sz?ll?t?s","12. Transportation","2016","1247"
"12. Transporturi","12. Sz?ll?t?s","12. Transportation","12. Transporturi","12. Sz?ll?t?s","12. Transportation","2017","1281"
"12. Transporturi","12. Sz?ll?t?s","12. Transportation","12. Transporturi","12. Sz?ll?t?s","12. Transportation","2018","1274"
"12. Transporturi","12. Sz?ll?t?s","12. Transportation","12. Transporturi","12. Sz?ll?t?s","12. Transportation","2019","1484"
"12. Transporturi","12. Sz?ll?t?s","12. Transportation","12. Transporturi","12. Sz?ll?t?s","12. Transportation","2020","1426"
"12. Transporturi","12. Sz?ll?t?s","12. Transportation","12. Transporturi","12. Sz?ll?t?s","12. Transportation","2021","1453"
"12. Transporturi","12. Sz?ll?t?s","12. Transportation","12. Transporturi","12. Sz?ll?t?s","12. Transportation","2022","1484"
"12. Transporturi","12. Sz?ll?t?s","12. Transportation","12. Transporturi","12. Sz?ll?t?s","12. Transportation","2023","1766"
"13. Alte activit??i","13. Egy?b tev?kenys?gek","13. Other Activities","13. Alte activit??i","13. Egy?b tev?kenys?gek","13. Other Activities","2013","310"
"13. Alte activit??i","13. Egy?b tev?kenys?gek","13. Other Activities","13. Alte activit??i","13. Egy?b tev?kenys?gek","13. Other Activities","2014","418"
"13. Alte activit??i","13. Egy?b tev?kenys?gek","13. Other Activities","13. Alte activit??i","13. Egy?b tev?kenys?gek","13. Other Activities","2015","444"
"13. Alte activit??i","13. Egy?b tev?kenys?gek","13. Other Activities","13. Alte activit??i","13. Egy?b tev?kenys?gek","13. Other Activities","2016","516"
"13. Alte activit??i","13. Egy?b tev?kenys?gek","13. Other Activities","13. Alte activit??i","13. Egy?b tev?kenys?gek","13. Other Activities","2017","462"
"13. Alte activit??i","13. Egy?b tev?kenys?gek","13. Other Activities","13. Alte activit??i","13. Egy?b tev?kenys?gek","13. Other Activities","2018","552"
"13. Alte activit??i","13. Egy?b tev?kenys?gek","13. Other Activities","13. Alte activit??i","13. Egy?b tev?kenys?gek","13. Other Activities","2019","448"
"13. Alte activit??i","13. Egy?b tev?kenys?gek","13. Other Activities","13. Alte activit??i","13. Egy?b tev?kenys?gek","13. Other Activities","2020","438"
"13. Alte activit??i","13. Egy?b tev?kenys?gek","13. Other Activities","13. Alte activit??i","13. Egy?b tev?kenys?gek","13. Other Activities","2021","793"
"13. Alte activit??i","13. Egy?b tev?kenys?gek","13. Other Activities","13. Alte activit??i","13. Egy?b tev?kenys?gek","13. Other Activities","2022","883"
"13. Alte activit??i","13. Egy?b tev?kenys?gek","13. Other Activities","13. Alte activit??i","13. Egy?b tev?kenys?gek","13. Other Activities","2023","766"