Player,Nation,Pos,Age,Stat,Value
Sandro Tonali,Italy,Midfielder,22,MatchesPlayed,48
Sandro Tonali,Italy,Midfielder,22,PlayedStarting11,44
Sandro Tonali,Italy,Midfielder,22,MinutesPlayed,3974
Sandro Tonali,Italy,Midfielder,22,GoalsScored,2
Sandro Tonali,Italy,Midfielder,22,AssistsProvided,9
Sandro Tonali,Italy,Midfielder,22,GoalsAssists,11
Sandro Tonali,Italy,Midfielder,22,NonPenaltyGoals,2
Sandro Tonali,Italy,Midfielder,22,GoalsFromPenalty,0
Sandro Tonali,Italy,Midfielder,22,PenaltyKicksAttempted,0
Sandro Tonali,Italy,Midfielder,22,YellowCards,11
Sandro Tonali,Italy,Midfielder,22,RedCards,0
Sandro Tonali,Italy,Midfielder,22,ExpectedGoals_xG,3.0
Sandro Tonali,Italy,Midfielder,22,ExpectedNonPenaltyGoals,3.0
Sandro Tonali,Italy,Midfielder,22,ExpectedAssistsProvided,8.6
Sandro Tonali,Italy,Midfielder,22,ExpectedNonPenaltyGoalsAssistsProvided,11.6
Sandro Tonali,Italy,Midfielder,22,ProgressiveCarries,79
Sandro Tonali,Italy,Midfielder,22,ProgressivePasses,199
Sandro Tonali,Italy,Midfielder,22,ProgressivePassesReceived,116
Sandro Tonali,Italy,Midfielder,22,GoalsPer90Minutes,0.05
Sandro Tonali,Italy,Midfielder,22,AssistsPer90Minutes,0.2
Sandro Tonali,Italy,Midfielder,22,GoalsAssistsPer90Minutes,0.25
Sandro Tonali,Italy,Midfielder,22,NonPenaltyGoalsPer90Minutes,0.05
Sandro Tonali,Italy,Midfielder,22,NonPenaltyGoalsAssistsPer90Minutes,0.25
Sandro Tonali,Italy,Midfielder,22,ExpectedGoalsPer90Minutes,0.07
Sandro Tonali,Italy,Midfielder,22,ExpectedAssitsPer90Minutes,0.2
Sandro Tonali,Italy,Midfielder,22,ExpectedGoalsAssitsPer90Minutes,0.28
Sandro Tonali,Italy,Midfielder,22,NonPenaltyExpectedGoalsPer90Minutes,0.07
Sandro Tonali,Italy,Midfielder,22,NonPenaltyExpectedGoalsAssistsPer90Minutes,0.28
Sandro Tonali,Italy,Midfielder,22,InterceptionsPerGame,0.7
Sandro Tonali,Italy,Midfielder,22,TacklesPerGame,1.9
Sandro Tonali,Italy,Midfielder,22,DribbledPastPerGame,0.5
Sandro Tonali,Italy,Midfielder,22,ClearancesPerGame,0.5
Sandro Tonali,Italy,Midfielder,22,GroundDuelsWon,61%
Sandro Tonali,Italy,Midfielder,22,AerialDuelsWon,45%
Sandro Tonali,Italy,Midfielder,22,GroundDuelsWon_int,61
Sandro Tonali,Italy,Midfielder,22,AerialDuelsWon_int,45
Theo Hernandez,France,Defender,24,MatchesPlayed,45
Theo Hernandez,France,Defender,24,PlayedStarting11,44
Theo Hernandez,France,Defender,24,MinutesPlayed,3850
Theo Hernandez,France,Defender,24,GoalsScored,4
Theo Hernandez,France,Defender,24,AssistsProvided,4
Theo Hernandez,France,Defender,24,GoalsAssists,8
Theo Hernandez,France,Defender,24,NonPenaltyGoals,3
Theo Hernandez,France,Defender,24,GoalsFromPenalty,1
Theo Hernandez,France,Defender,24,PenaltyKicksAttempted,1
Theo Hernandez,France,Defender,24,YellowCards,10
Theo Hernandez,France,Defender,24,RedCards,0
Theo Hernandez,France,Defender,24,ExpectedGoals_xG,4.6
Theo Hernandez,France,Defender,24,ExpectedNonPenaltyGoals,3.8
Theo Hernandez,France,Defender,24,ExpectedAssistsProvided,4.9
Theo Hernandez,France,Defender,24,ExpectedNonPenaltyGoalsAssistsProvided,8.7
Theo Hernandez,France,Defender,24,ProgressiveCarries,139
Theo Hernandez,France,Defender,24,ProgressivePasses,174
Theo Hernandez,France,Defender,24,ProgressivePassesReceived,184
Theo Hernandez,France,Defender,24,GoalsPer90Minutes,0.09
Theo Hernandez,France,Defender,24,AssistsPer90Minutes,0.09
Theo Hernandez,France,Defender,24,GoalsAssistsPer90Minutes,0.19
Theo Hernandez,France,Defender,24,NonPenaltyGoalsPer90Minutes,0.07
Theo Hernandez,France,Defender,24,NonPenaltyGoalsAssistsPer90Minutes,0.16
Theo Hernandez,France,Defender,24,ExpectedGoalsPer90Minutes,0.11
Theo Hernandez,France,Defender,24,ExpectedAssitsPer90Minutes,0.12
Theo Hernandez,France,Defender,24,ExpectedGoalsAssitsPer90Minutes,0.23
Theo Hernandez,France,Defender,24,NonPenaltyExpectedGoalsPer90Minutes,0.09
Theo Hernandez,France,Defender,24,NonPenaltyExpectedGoalsAssistsPer90Minutes,0.21
Theo Hernandez,France,Defender,24,InterceptionsPerGame,0.7
Theo Hernandez,France,Defender,24,TacklesPerGame,1.3
Theo Hernandez,France,Defender,24,DribbledPastPerGame,0.5
Theo Hernandez,France,Defender,24,ClearancesPerGame,1.0
Theo Hernandez,France,Defender,24,GroundDuelsWon,56%
Theo Hernandez,France,Defender,24,AerialDuelsWon,72%
Theo Hernandez,France,Defender,24,GroundDuelsWon_int,56
Theo Hernandez,France,Defender,24,AerialDuelsWon_int,72
Fikayo Tomori,England,Defender,24,MatchesPlayed,45
Fikayo Tomori,England,Defender,24,PlayedStarting11,44
Fikayo Tomori,England,Defender,24,MinutesPlayed,3797
Fikayo Tomori,England,Defender,24,GoalsScored,1
Fikayo Tomori,England,Defender,24,AssistsProvided,1
Fikayo Tomori,England,Defender,24,GoalsAssists,2
Fikayo Tomori,England,Defender,24,NonPenaltyGoals,1
Fikayo Tomori,England,Defender,24,GoalsFromPenalty,0
Fikayo Tomori,England,Defender,24,PenaltyKicksAttempted,0
Fikayo Tomori,England,Defender,24,YellowCards,9
Fikayo Tomori,England,Defender,24,RedCards,1
Fikayo Tomori,England,Defender,24,ExpectedGoals_xG,1.4
Fikayo Tomori,England,Defender,24,ExpectedNonPenaltyGoals,1.4
Fikayo Tomori,England,Defender,24,ExpectedAssistsProvided,1.2
Fikayo Tomori,England,Defender,24,ExpectedNonPenaltyGoalsAssistsProvided,2.6
Fikayo Tomori,England,Defender,24,ProgressiveCarries,36
Fikayo Tomori,England,Defender,24,ProgressivePasses,149
Fikayo Tomori,England,Defender,24,ProgressivePassesReceived,10
Fikayo Tomori,England,Defender,24,GoalsPer90Minutes,0.02
Fikayo Tomori,England,Defender,24,AssistsPer90Minutes,0.02
Fikayo Tomori,England,Defender,24,GoalsAssistsPer90Minutes,0.05
Fikayo Tomori,England,Defender,24,NonPenaltyGoalsPer90Minutes,0.02
Fikayo Tomori,England,Defender,24,NonPenaltyGoalsAssistsPer90Minutes,0.05
Fikayo Tomori,England,Defender,24,ExpectedGoalsPer90Minutes,0.03
Fikayo Tomori,England,Defender,24,ExpectedAssitsPer90Minutes,0.03
Fikayo Tomori,England,Defender,24,ExpectedGoalsAssitsPer90Minutes,0.06
Fikayo Tomori,England,Defender,24,NonPenaltyExpectedGoalsPer90Minutes,0.03
Fikayo Tomori,England,Defender,24,NonPenaltyExpectedGoalsAssistsPer90Minutes,0.06
Fikayo Tomori,England,Defender,24,InterceptionsPerGame,0.9
Fikayo Tomori,England,Defender,24,TacklesPerGame,2.1
Fikayo Tomori,England,Defender,24,DribbledPastPerGame,0.4
Fikayo Tomori,England,Defender,24,ClearancesPerGame,2.3
Fikayo Tomori,England,Defender,24,GroundDuelsWon,70%
Fikayo Tomori,England,Defender,24,AerialDuelsWon,68%
Fikayo Tomori,England,Defender,24,GroundDuelsWon_int,70
Fikayo Tomori,England,Defender,24,AerialDuelsWon_int,68
Rafael Leao,Portugal,Forward,23,MatchesPlayed,48
Rafael Leao,Portugal,Forward,23,PlayedStarting11,40
Rafael Leao,Portugal,Forward,23,MinutesPlayed,3472
Rafael Leao,Portugal,Forward,23,GoalsScored,16
Rafael Leao,Portugal,Forward,23,AssistsProvided,12
Rafael Leao,Portugal,Forward,23,GoalsAssists,28
Rafael Leao,Portugal,Forward,23,NonPenaltyGoals,16
Rafael Leao,Portugal,Forward,23,GoalsFromPenalty,0
Rafael Leao,Portugal,Forward,23,PenaltyKicksAttempted,0
Rafael Leao,Portugal,Forward,23,YellowCards,7
Rafael Leao,Portugal,Forward,23,RedCards,1
Rafael Leao,Portugal,Forward,23,ExpectedGoals_xG,12.4
Rafael Leao,Portugal,Forward,23,ExpectedNonPenaltyGoals,12.4
Rafael Leao,Portugal,Forward,23,ExpectedAssistsProvided,9.7
Rafael Leao,Portugal,Forward,23,ExpectedNonPenaltyGoalsAssistsProvided,22.1
Rafael Leao,Portugal,Forward,23,ProgressiveCarries,176
Rafael Leao,Portugal,Forward,23,ProgressivePasses,146
Rafael Leao,Portugal,Forward,23,ProgressivePassesReceived,302
Rafael Leao,Portugal,Forward,23,GoalsPer90Minutes,0.41
Rafael Leao,Portugal,Forward,23,AssistsPer90Minutes,0.31
Rafael Leao,Portugal,Forward,23,GoalsAssistsPer90Minutes,0.73
Rafael Leao,Portugal,Forward,23,NonPenaltyGoalsPer90Minutes,0.41
Rafael Leao,Portugal,Forward,23,NonPenaltyGoalsAssistsPer90Minutes,0.73
Rafael Leao,Portugal,Forward,23,ExpectedGoalsPer90Minutes,0.34
Rafael Leao,Portugal,Forward,23,ExpectedAssitsPer90Minutes,0.26
Rafael Leao,Portugal,Forward,23,ExpectedGoalsAssitsPer90Minutes,0.6
Rafael Leao,Portugal,Forward,23,NonPenaltyExpectedGoalsPer90Minutes,0.34
Rafael Leao,Portugal,Forward,23,NonPenaltyExpectedGoalsAssistsPer90Minutes,0.6
Rafael Leao,Portugal,Forward,23,InterceptionsPerGame,0.0
Rafael Leao,Portugal,Forward,23,TacklesPerGame,0.3
Rafael Leao,Portugal,Forward,23,DribbledPastPerGame,0.0
Rafael Leao,Portugal,Forward,23,ClearancesPerGame,0.0
Rafael Leao,Portugal,Forward,23,GroundDuelsWon,57%
Rafael Leao,Portugal,Forward,23,AerialDuelsWon,0%
Rafael Leao,Portugal,Forward,23,GroundDuelsWon_int,57
Rafael Leao,Portugal,Forward,23,AerialDuelsWon_int,0
Pierre Kalulu,France,Defender,22,MatchesPlayed,46
Pierre Kalulu,France,Defender,22,PlayedStarting11,35
Pierre Kalulu,France,Defender,22,MinutesPlayed,3446
Pierre Kalulu,France,Defender,22,GoalsScored,1
Pierre Kalulu,France,Defender,22,AssistsProvided,0
Pierre Kalulu,France,Defender,22,GoalsAssists,1
Pierre Kalulu,France,Defender,22,NonPenaltyGoals,1
Pierre Kalulu,France,Defender,22,GoalsFromPenalty,0
Pierre Kalulu,France,Defender,22,PenaltyKicksAttempted,0
Pierre Kalulu,France,Defender,22,YellowCards,4
Pierre Kalulu,France,Defender,22,RedCards,0
Pierre Kalulu,France,Defender,22,ExpectedGoals_xG,1.6
Pierre Kalulu,France,Defender,22,ExpectedNonPenaltyGoals,1.6
Pierre Kalulu,France,Defender,22,ExpectedAssistsProvided,1.4
Pierre Kalulu,France,Defender,22,ExpectedNonPenaltyGoalsAssistsProvided,3.0
Pierre Kalulu,France,Defender,22,ProgressiveCarries,65
Pierre Kalulu,France,Defender,22,ProgressivePasses,173
Pierre Kalulu,France,Defender,22,ProgressivePassesReceived,50
Pierre Kalulu,France,Defender,22,GoalsPer90Minutes,0.03
Pierre Kalulu,France,Defender,22,AssistsPer90Minutes,0.0
Pierre Kalulu,France,Defender,22,GoalsAssistsPer90Minutes,0.03
Pierre Kalulu,France,Defender,22,NonPenaltyGoalsPer90Minutes,0.03
Pierre Kalulu,France,Defender,22,NonPenaltyGoalsAssistsPer90Minutes,0.03
Pierre Kalulu,France,Defender,22,ExpectedGoalsPer90Minutes,0.04
Pierre Kalulu,France,Defender,22,ExpectedAssitsPer90Minutes,0.04
Pierre Kalulu,France,Defender,22,ExpectedGoalsAssitsPer90Minutes,0.08
Pierre Kalulu,France,Defender,22,NonPenaltyExpectedGoalsPer90Minutes,0.04
Pierre Kalulu,France,Defender,22,NonPenaltyExpectedGoalsAssistsPer90Minutes,0.08
Pierre Kalulu,France,Defender,22,InterceptionsPerGame,1.2
Pierre Kalulu,France,Defender,22,TacklesPerGame,1.7
Pierre Kalulu,France,Defender,22,DribbledPastPerGame,0.4
Pierre Kalulu,France,Defender,22,ClearancesPerGame,1.4
Pierre Kalulu,France,Defender,22,GroundDuelsWon,65%
Pierre Kalulu,France,Defender,22,AerialDuelsWon,53%
Pierre Kalulu,France,Defender,22,GroundDuelsWon_int,65
Pierre Kalulu,France,Defender,22,AerialDuelsWon_int,53
Olivier Giroud,France,Forward,35,MatchesPlayed,47
Olivier Giroud,France,Forward,35,PlayedStarting11,38
Olivier Giroud,France,Forward,35,MinutesPlayed,3193
Olivier Giroud,France,Forward,35,GoalsScored,18
Olivier Giroud,France,Forward,35,AssistsProvided,7
Olivier Giroud,France,Forward,35,GoalsAssists,25
Olivier Giroud,France,Forward,35,NonPenaltyGoals,13
Olivier Giroud,France,Forward,35,GoalsFromPenalty,5
Olivier Giroud,France,Forward,35,PenaltyKicksAttempted,6
Olivier Giroud,France,Forward,35,YellowCards,9
Olivier Giroud,France,Forward,35,RedCards,1
Olivier Giroud,France,Forward,35,ExpectedGoals_xG,18.4
Olivier Giroud,France,Forward,35,ExpectedNonPenaltyGoals,13.8
Olivier Giroud,France,Forward,35,ExpectedAssistsProvided,4.9
Olivier Giroud,France,Forward,35,ExpectedNonPenaltyGoalsAssistsProvided,18.7
Olivier Giroud,France,Forward,35,ProgressiveCarries,12
Olivier Giroud,France,Forward,35,ProgressivePasses,53
Olivier Giroud,France,Forward,35,ProgressivePassesReceived,189
Olivier Giroud,France,Forward,35,GoalsPer90Minutes,0.51
Olivier Giroud,France,Forward,35,AssistsPer90Minutes,0.2
Olivier Giroud,France,Forward,35,GoalsAssistsPer90Minutes,0.7
Olivier Giroud,France,Forward,35,NonPenaltyGoalsPer90Minutes,0.37
Olivier Giroud,France,Forward,35,NonPenaltyGoalsAssistsPer90Minutes,0.56
Olivier Giroud,France,Forward,35,ExpectedGoalsPer90Minutes,0.54
Olivier Giroud,France,Forward,35,ExpectedAssitsPer90Minutes,0.14
Olivier Giroud,France,Forward,35,ExpectedGoalsAssitsPer90Minutes,0.68
Olivier Giroud,France,Forward,35,NonPenaltyExpectedGoalsPer90Minutes,0.4
Olivier Giroud,France,Forward,35,NonPenaltyExpectedGoalsAssistsPer90Minutes,0.55
Olivier Giroud,France,Forward,35,InterceptionsPerGame,0.1
Olivier Giroud,France,Forward,35,TacklesPerGame,0.2
Olivier Giroud,France,Forward,35,DribbledPastPerGame,0.2
Olivier Giroud,France,Forward,35,ClearancesPerGame,0.7
Olivier Giroud,France,Forward,35,GroundDuelsWon,37%
Olivier Giroud,France,Forward,35,AerialDuelsWon,62%
Olivier Giroud,France,Forward,35,GroundDuelsWon_int,37
Olivier Giroud,France,Forward,35,AerialDuelsWon_int,62
Ismail Bennacer,Algeria,Midfielder,24,MatchesPlayed,40
Ismail Bennacer,Algeria,Midfielder,24,PlayedStarting11,34
Ismail Bennacer,Algeria,Midfielder,24,MinutesPlayed,2720
Ismail Bennacer,Algeria,Midfielder,24,GoalsScored,3
Ismail Bennacer,Algeria,Midfielder,24,AssistsProvided,2
Ismail Bennacer,Algeria,Midfielder,24,GoalsAssists,5
Ismail Bennacer,Algeria,Midfielder,24,NonPenaltyGoals,3
Ismail Bennacer,Algeria,Midfielder,24,GoalsFromPenalty,0
Ismail Bennacer,Algeria,Midfielder,24,PenaltyKicksAttempted,0
Ismail Bennacer,Algeria,Midfielder,24,YellowCards,6
Ismail Bennacer,Algeria,Midfielder,24,RedCards,0
Ismail Bennacer,Algeria,Midfielder,24,ExpectedGoals_xG,1.5
Ismail Bennacer,Algeria,Midfielder,24,ExpectedNonPenaltyGoals,1.5
Ismail Bennacer,Algeria,Midfielder,24,ExpectedAssistsProvided,3.5
Ismail Bennacer,Algeria,Midfielder,24,ExpectedNonPenaltyGoalsAssistsProvided,5.0
Ismail Bennacer,Algeria,Midfielder,24,ProgressiveCarries,39
Ismail Bennacer,Algeria,Midfielder,24,ProgressivePasses,163
Ismail Bennacer,Algeria,Midfielder,24,ProgressivePassesReceived,61
Ismail Bennacer,Algeria,Midfielder,24,GoalsPer90Minutes,0.1
Ismail Bennacer,Algeria,Midfielder,24,AssistsPer90Minutes,0.07
Ismail Bennacer,Algeria,Midfielder,24,GoalsAssistsPer90Minutes,0.17
Ismail Bennacer,Algeria,Midfielder,24,NonPenaltyGoalsPer90Minutes,0.1
Ismail Bennacer,Algeria,Midfielder,24,NonPenaltyGoalsAssistsPer90Minutes,0.17
Ismail Bennacer,Algeria,Midfielder,24,ExpectedGoalsPer90Minutes,0.05
Ismail Bennacer,Algeria,Midfielder,24,ExpectedAssitsPer90Minutes,0.12
Ismail Bennacer,Algeria,Midfielder,24,ExpectedGoalsAssitsPer90Minutes,0.17
Ismail Bennacer,Algeria,Midfielder,24,NonPenaltyExpectedGoalsPer90Minutes,0.05
Ismail Bennacer,Algeria,Midfielder,24,NonPenaltyExpectedGoalsAssistsPer90Minutes,0.17
Ismail Bennacer,Algeria,Midfielder,24,InterceptionsPerGame,0.9
Ismail Bennacer,Algeria,Midfielder,24,TacklesPerGame,2.1
Ismail Bennacer,Algeria,Midfielder,24,DribbledPastPerGame,0.8
Ismail Bennacer,Algeria,Midfielder,24,ClearancesPerGame,0.5
Ismail Bennacer,Algeria,Midfielder,24,GroundDuelsWon,54%
Ismail Bennacer,Algeria,Midfielder,24,AerialDuelsWon,50%
Ismail Bennacer,Algeria,Midfielder,24,GroundDuelsWon_int,54
Ismail Bennacer,Algeria,Midfielder,24,AerialDuelsWon_int,50
Brahim Diaz,Spain,Forward,22,MatchesPlayed,45
Brahim Diaz,Spain,Forward,22,PlayedStarting11,37
Brahim Diaz,Spain,Forward,22,MinutesPlayed,2656
Brahim Diaz,Spain,Forward,22,GoalsScored,7
Brahim Diaz,Spain,Forward,22,AssistsProvided,7
Brahim Diaz,Spain,Forward,22,GoalsAssists,14
Brahim Diaz,Spain,Forward,22,NonPenaltyGoals,7
Brahim Diaz,Spain,Forward,22,GoalsFromPenalty,0
Brahim Diaz,Spain,Forward,22,PenaltyKicksAttempted,0
Brahim Diaz,Spain,Forward,22,YellowCards,4
Brahim Diaz,Spain,Forward,22,RedCards,0
Brahim Diaz,Spain,Forward,22,ExpectedGoals_xG,7.5
Brahim Diaz,Spain,Forward,22,ExpectedNonPenaltyGoals,7.5
Brahim Diaz,Spain,Forward,22,ExpectedAssistsProvided,6.1
Brahim Diaz,Spain,Forward,22,ExpectedNonPenaltyGoalsAssistsProvided,13.7
Brahim Diaz,Spain,Forward,22,ProgressiveCarries,96
Brahim Diaz,Spain,Forward,22,ProgressivePasses,138
Brahim Diaz,Spain,Forward,22,ProgressivePassesReceived,149
Brahim Diaz,Spain,Forward,22,GoalsPer90Minutes,0.24
Brahim Diaz,Spain,Forward,22,AssistsPer90Minutes,0.24
Brahim Diaz,Spain,Forward,22,GoalsAssistsPer90Minutes,0.47
Brahim Diaz,Spain,Forward,22,NonPenaltyGoalsPer90Minutes,0.24
Brahim Diaz,Spain,Forward,22,NonPenaltyGoalsAssistsPer90Minutes,0.47
Brahim Diaz,Spain,Forward,22,ExpectedGoalsPer90Minutes,0.27
Brahim Diaz,Spain,Forward,22,ExpectedAssitsPer90Minutes,0.22
Brahim Diaz,Spain,Forward,22,ExpectedGoalsAssitsPer90Minutes,0.49
Brahim Diaz,Spain,Forward,22,NonPenaltyExpectedGoalsPer90Minutes,0.27
Brahim Diaz,Spain,Forward,22,NonPenaltyExpectedGoalsAssistsPer90Minutes,0.49
Brahim Diaz,Spain,Forward,22,InterceptionsPerGame,0.2
Brahim Diaz,Spain,Forward,22,TacklesPerGame,1.0
Brahim Diaz,Spain,Forward,22,DribbledPastPerGame,0.3
Brahim Diaz,Spain,Forward,22,ClearancesPerGame,0.1
Brahim Diaz,Spain,Forward,22,GroundDuelsWon,49%
Brahim Diaz,Spain,Forward,22,AerialDuelsWon,14%
Brahim Diaz,Spain,Forward,22,GroundDuelsWon_int,49
Brahim Diaz,Spain,Forward,22,AerialDuelsWon_int,14
Rade Krunic,Bosnia,Midfielder,28,MatchesPlayed,34
Rade Krunic,Bosnia,Midfielder,28,PlayedStarting11,27
Rade Krunic,Bosnia,Midfielder,28,MinutesPlayed,2480
Rade Krunic,Bosnia,Midfielder,28,GoalsScored,1
Rade Krunic,Bosnia,Midfielder,28,AssistsProvided,1
Rade Krunic,Bosnia,Midfielder,28,GoalsAssists,2
Rade Krunic,Bosnia,Midfielder,28,NonPenaltyGoals,1
Rade Krunic,Bosnia,Midfielder,28,GoalsFromPenalty,0
Rade Krunic,Bosnia,Midfielder,28,PenaltyKicksAttempted,0
Rade Krunic,Bosnia,Midfielder,28,YellowCards,12
Rade Krunic,Bosnia,Midfielder,28,RedCards,0
Rade Krunic,Bosnia,Midfielder,28,ExpectedGoals_xG,2.0
Rade Krunic,Bosnia,Midfielder,28,ExpectedNonPenaltyGoals,2.0
Rade Krunic,Bosnia,Midfielder,28,ExpectedAssistsProvided,1.1
Rade Krunic,Bosnia,Midfielder,28,ExpectedNonPenaltyGoalsAssistsProvided,3.1
Rade Krunic,Bosnia,Midfielder,28,ProgressiveCarries,39
Rade Krunic,Bosnia,Midfielder,28,ProgressivePasses,100
Rade Krunic,Bosnia,Midfielder,28,ProgressivePassesReceived,32
Rade Krunic,Bosnia,Midfielder,28,GoalsPer90Minutes,0.04
Rade Krunic,Bosnia,Midfielder,28,AssistsPer90Minutes,0.04
Rade Krunic,Bosnia,Midfielder,28,GoalsAssistsPer90Minutes,0.07
Rade Krunic,Bosnia,Midfielder,28,NonPenaltyGoalsPer90Minutes,0.04
Rade Krunic,Bosnia,Midfielder,28,NonPenaltyGoalsAssistsPer90Minutes,0.07
Rade Krunic,Bosnia,Midfielder,28,ExpectedGoalsPer90Minutes,0.07
Rade Krunic,Bosnia,Midfielder,28,ExpectedAssitsPer90Minutes,0.04
Rade Krunic,Bosnia,Midfielder,28,ExpectedGoalsAssitsPer90Minutes,0.11
Rade Krunic,Bosnia,Midfielder,28,NonPenaltyExpectedGoalsPer90Minutes,0.07
Rade Krunic,Bosnia,Midfielder,28,NonPenaltyExpectedGoalsAssistsPer90Minutes,0.11
Rade Krunic,Bosnia,Midfielder,28,InterceptionsPerGame,0.7
Rade Krunic,Bosnia,Midfielder,28,TacklesPerGame,1.7
Rade Krunic,Bosnia,Midfielder,28,DribbledPastPerGame,1.5
Rade Krunic,Bosnia,Midfielder,28,ClearancesPerGame,0.8
Rade Krunic,Bosnia,Midfielder,28,GroundDuelsWon,56%
Rade Krunic,Bosnia,Midfielder,28,AerialDuelsWon,54%
Rade Krunic,Bosnia,Midfielder,28,GroundDuelsWon_int,56
Rade Krunic,Bosnia,Midfielder,28,AerialDuelsWon_int,54
Davide Calabria,Italy,Defender,25,MatchesPlayed,33
Davide Calabria,Italy,Defender,25,PlayedStarting11,28
Davide Calabria,Italy,Defender,25,MinutesPlayed,2275
Davide Calabria,Italy,Defender,25,GoalsScored,1
Davide Calabria,Italy,Defender,25,AssistsProvided,4
Davide Calabria,Italy,Defender,25,GoalsAssists,5
Davide Calabria,Italy,Defender,25,NonPenaltyGoals,1
Davide Calabria,Italy,Defender,25,GoalsFromPenalty,0
Davide Calabria,Italy,Defender,25,PenaltyKicksAttempted,0
Davide Calabria,Italy,Defender,25,YellowCards,8
Davide Calabria,Italy,Defender,25,RedCards,0
Davide Calabria,Italy,Defender,25,ExpectedGoals_xG,1.4
Davide Calabria,Italy,Defender,25,ExpectedNonPenaltyGoals,1.4
Davide Calabria,Italy,Defender,25,ExpectedAssistsProvided,1.9
Davide Calabria,Italy,Defender,25,ExpectedNonPenaltyGoalsAssistsProvided,3.3
Davide Calabria,Italy,Defender,25,ProgressiveCarries,34
Davide Calabria,Italy,Defender,25,ProgressivePasses,137
Davide Calabria,Italy,Defender,25,ProgressivePassesReceived,97
Davide Calabria,Italy,Defender,25,GoalsPer90Minutes,0.04
Davide Calabria,Italy,Defender,25,AssistsPer90Minutes,0.16
Davide Calabria,Italy,Defender,25,GoalsAssistsPer90Minutes,0.2
Davide Calabria,Italy,Defender,25,NonPenaltyGoalsPer90Minutes,0.04
Davide Calabria,Italy,Defender,25,NonPenaltyGoalsAssistsPer90Minutes,0.2
Davide Calabria,Italy,Defender,25,ExpectedGoalsPer90Minutes,0.06
Davide Calabria,Italy,Defender,25,ExpectedAssitsPer90Minutes,0.08
Davide Calabria,Italy,Defender,25,ExpectedGoalsAssitsPer90Minutes,0.13
Davide Calabria,Italy,Defender,25,NonPenaltyExpectedGoalsPer90Minutes,0.06
Davide Calabria,Italy,Defender,25,NonPenaltyExpectedGoalsAssistsPer90Minutes,0.13
Davide Calabria,Italy,Defender,25,InterceptionsPerGame,1.0
Davide Calabria,Italy,Defender,25,TacklesPerGame,2.8
Davide Calabria,Italy,Defender,25,DribbledPastPerGame,0.9
Davide Calabria,Italy,Defender,25,ClearancesPerGame,1.2
Davide Calabria,Italy,Defender,25,GroundDuelsWon,62%
Davide Calabria,Italy,Defender,25,AerialDuelsWon,52%
Davide Calabria,Italy,Defender,25,GroundDuelsWon_int,62
Davide Calabria,Italy,Defender,25,AerialDuelsWon_int,52
Junior Messias,Brazil,Midfielder,31,MatchesPlayed,36
Junior Messias,Brazil,Midfielder,31,PlayedStarting11,22
Junior Messias,Brazil,Midfielder,31,MinutesPlayed,1932
Junior Messias,Brazil,Midfielder,31,GoalsScored,6
Junior Messias,Brazil,Midfielder,31,AssistsProvided,2
Junior Messias,Brazil,Midfielder,31,GoalsAssists,8
Junior Messias,Brazil,Midfielder,31,NonPenaltyGoals,6
Junior Messias,Brazil,Midfielder,31,GoalsFromPenalty,0
Junior Messias,Brazil,Midfielder,31,PenaltyKicksAttempted,0
Junior Messias,Brazil,Midfielder,31,YellowCards,3
Junior Messias,Brazil,Midfielder,31,RedCards,0
Junior Messias,Brazil,Midfielder,31,ExpectedGoals_xG,2.7
Junior Messias,Brazil,Midfielder,31,ExpectedNonPenaltyGoals,2.7
Junior Messias,Brazil,Midfielder,31,ExpectedAssistsProvided,1.2
Junior Messias,Brazil,Midfielder,31,ExpectedNonPenaltyGoalsAssistsProvided,3.8
Junior Messias,Brazil,Midfielder,31,ProgressiveCarries,61
Junior Messias,Brazil,Midfielder,31,ProgressivePasses,60
Junior Messias,Brazil,Midfielder,31,ProgressivePassesReceived,163
Junior Messias,Brazil,Midfielder,31,GoalsPer90Minutes,0.28
Junior Messias,Brazil,Midfielder,31,AssistsPer90Minutes,0.09
Junior Messias,Brazil,Midfielder,31,GoalsAssistsPer90Minutes,0.37
Junior Messias,Brazil,Midfielder,31,NonPenaltyGoalsPer90Minutes,0.28
Junior Messias,Brazil,Midfielder,31,NonPenaltyGoalsAssistsPer90Minutes,0.37
Junior Messias,Brazil,Midfielder,31,ExpectedGoalsPer90Minutes,0.13
Junior Messias,Brazil,Midfielder,31,ExpectedAssitsPer90Minutes,0.06
Junior Messias,Brazil,Midfielder,31,ExpectedGoalsAssitsPer90Minutes,0.19
Junior Messias,Brazil,Midfielder,31,NonPenaltyExpectedGoalsPer90Minutes,0.13
Junior Messias,Brazil,Midfielder,31,NonPenaltyExpectedGoalsAssistsPer90Minutes,0.19
Junior Messias,Brazil,Midfielder,31,InterceptionsPerGame,0.3
Junior Messias,Brazil,Midfielder,31,TacklesPerGame,1.0
Junior Messias,Brazil,Midfielder,31,DribbledPastPerGame,0.6
Junior Messias,Brazil,Midfielder,31,ClearancesPerGame,1.0
Junior Messias,Brazil,Midfielder,31,GroundDuelsWon,54%
Junior Messias,Brazil,Midfielder,31,AerialDuelsWon,38%
Junior Messias,Brazil,Midfielder,31,GroundDuelsWon_int,54
Junior Messias,Brazil,Midfielder,31,AerialDuelsWon_int,38
Alexis Saelemaekers,Belgium,Midfielder,23,MatchesPlayed,39
Alexis Saelemaekers,Belgium,Midfielder,23,PlayedStarting11,19
Alexis Saelemaekers,Belgium,Midfielder,23,MinutesPlayed,1840
Alexis Saelemaekers,Belgium,Midfielder,23,GoalsScored,4
Alexis Saelemaekers,Belgium,Midfielder,23,AssistsProvided,3
Alexis Saelemaekers,Belgium,Midfielder,23,GoalsAssists,7
Alexis Saelemaekers,Belgium,Midfielder,23,NonPenaltyGoals,4
Alexis Saelemaekers,Belgium,Midfielder,23,GoalsFromPenalty,0
Alexis Saelemaekers,Belgium,Midfielder,23,PenaltyKicksAttempted,0
Alexis Saelemaekers,Belgium,Midfielder,23,YellowCards,2
Alexis Saelemaekers,Belgium,Midfielder,23,RedCards,0
Alexis Saelemaekers,Belgium,Midfielder,23,ExpectedGoals_xG,3.0
Alexis Saelemaekers,Belgium,Midfielder,23,ExpectedNonPenaltyGoals,3.0
Alexis Saelemaekers,Belgium,Midfielder,23,ExpectedAssistsProvided,4.5
Alexis Saelemaekers,Belgium,Midfielder,23,ExpectedNonPenaltyGoalsAssistsProvided,7.4
Alexis Saelemaekers,Belgium,Midfielder,23,ProgressiveCarries,65
Alexis Saelemaekers,Belgium,Midfielder,23,ProgressivePasses,61
Alexis Saelemaekers,Belgium,Midfielder,23,ProgressivePassesReceived,169
Alexis Saelemaekers,Belgium,Midfielder,23,GoalsPer90Minutes,0.2
Alexis Saelemaekers,Belgium,Midfielder,23,AssistsPer90Minutes,0.15
Alexis Saelemaekers,Belgium,Midfielder,23,GoalsAssistsPer90Minutes,0.34
Alexis Saelemaekers,Belgium,Midfielder,23,NonPenaltyGoalsPer90Minutes,0.2
Alexis Saelemaekers,Belgium,Midfielder,23,NonPenaltyGoalsAssistsPer90Minutes,0.34
Alexis Saelemaekers,Belgium,Midfielder,23,ExpectedGoalsPer90Minutes,0.15
Alexis Saelemaekers,Belgium,Midfielder,23,ExpectedAssitsPer90Minutes,0.23
Alexis Saelemaekers,Belgium,Midfielder,23,ExpectedGoalsAssitsPer90Minutes,0.38
Alexis Saelemaekers,Belgium,Midfielder,23,NonPenaltyExpectedGoalsPer90Minutes,0.15
Alexis Saelemaekers,Belgium,Midfielder,23,NonPenaltyExpectedGoalsAssistsPer90Minutes,0.38
Alexis Saelemaekers,Belgium,Midfielder,23,InterceptionsPerGame,0.6
Alexis Saelemaekers,Belgium,Midfielder,23,TacklesPerGame,1.0
Alexis Saelemaekers,Belgium,Midfielder,23,DribbledPastPerGame,0.7
Alexis Saelemaekers,Belgium,Midfielder,23,ClearancesPerGame,0.2
Alexis Saelemaekers,Belgium,Midfielder,23,GroundDuelsWon,46%
Alexis Saelemaekers,Belgium,Midfielder,23,AerialDuelsWon,64%
Alexis Saelemaekers,Belgium,Midfielder,23,GroundDuelsWon_int,46
Alexis Saelemaekers,Belgium,Midfielder,23,AerialDuelsWon_int,64
Malick Thiaw,Germany,Defender,20,MatchesPlayed,24
Malick Thiaw,Germany,Defender,20,PlayedStarting11,18
Malick Thiaw,Germany,Defender,20,MinutesPlayed,1637
Malick Thiaw,Germany,Defender,20,GoalsScored,0
Malick Thiaw,Germany,Defender,20,AssistsProvided,0
Malick Thiaw,Germany,Defender,20,GoalsAssists,0
Malick Thiaw,Germany,Defender,20,NonPenaltyGoals,0
Malick Thiaw,Germany,Defender,20,GoalsFromPenalty,0
Malick Thiaw,Germany,Defender,20,PenaltyKicksAttempted,0
Malick Thiaw,Germany,Defender,20,YellowCards,7
Malick Thiaw,Germany,Defender,20,RedCards,0
Malick Thiaw,Germany,Defender,20,ExpectedGoals_xG,1.6
Malick Thiaw,Germany,Defender,20,ExpectedNonPenaltyGoals,1.6
Malick Thiaw,Germany,Defender,20,ExpectedAssistsProvided,0.3
Malick Thiaw,Germany,Defender,20,ExpectedNonPenaltyGoalsAssistsProvided,1.9
Malick Thiaw,Germany,Defender,20,ProgressiveCarries,7
Malick Thiaw,Germany,Defender,20,ProgressivePasses,74
Malick Thiaw,Germany,Defender,20,ProgressivePassesReceived,2
Malick Thiaw,Germany,Defender,20,GoalsPer90Minutes,0.0
Malick Thiaw,Germany,Defender,20,AssistsPer90Minutes,0.0
Malick Thiaw,Germany,Defender,20,GoalsAssistsPer90Minutes,0.0
Malick Thiaw,Germany,Defender,20,NonPenaltyGoalsPer90Minutes,0.0
Malick Thiaw,Germany,Defender,20,NonPenaltyGoalsAssistsPer90Minutes,0.0
Malick Thiaw,Germany,Defender,20,ExpectedGoalsPer90Minutes,0.09
Malick Thiaw,Germany,Defender,20,ExpectedAssitsPer90Minutes,0.01
Malick Thiaw,Germany,Defender,20,ExpectedGoalsAssitsPer90Minutes,0.1
Malick Thiaw,Germany,Defender,20,NonPenaltyExpectedGoalsPer90Minutes,0.09
Malick Thiaw,Germany,Defender,20,NonPenaltyExpectedGoalsAssistsPer90Minutes,0.1
Malick Thiaw,Germany,Defender,20,InterceptionsPerGame,0.6
Malick Thiaw,Germany,Defender,20,TacklesPerGame,1.6
Malick Thiaw,Germany,Defender,20,DribbledPastPerGame,0.5
Malick Thiaw,Germany,Defender,20,ClearancesPerGame,3.3
Malick Thiaw,Germany,Defender,20,GroundDuelsWon,57%
Malick Thiaw,Germany,Defender,20,AerialDuelsWon,67%
Malick Thiaw,Germany,Defender,20,GroundDuelsWon_int,57
Malick Thiaw,Germany,Defender,20,AerialDuelsWon_int,67
Simon Kjaer,Denmark,Defender,33,MatchesPlayed,24
Simon Kjaer,Denmark,Defender,33,PlayedStarting11,19
Simon Kjaer,Denmark,Defender,33,MinutesPlayed,1578
Simon Kjaer,Denmark,Defender,33,GoalsScored,0
Simon Kjaer,Denmark,Defender,33,AssistsProvided,0
Simon Kjaer,Denmark,Defender,33,GoalsAssists,0
Simon Kjaer,Denmark,Defender,33,NonPenaltyGoals,0
Simon Kjaer,Denmark,Defender,33,GoalsFromPenalty,0
Simon Kjaer,Denmark,Defender,33,PenaltyKicksAttempted,0
Simon Kjaer,Denmark,Defender,33,YellowCards,4
Simon Kjaer,Denmark,Defender,33,RedCards,0
Simon Kjaer,Denmark,Defender,33,ExpectedGoals_xG,0.3
Simon Kjaer,Denmark,Defender,33,ExpectedNonPenaltyGoals,0.3
Simon Kjaer,Denmark,Defender,33,ExpectedAssistsProvided,0.2
Simon Kjaer,Denmark,Defender,33,ExpectedNonPenaltyGoalsAssistsProvided,0.4
Simon Kjaer,Denmark,Defender,33,ProgressiveCarries,5
Simon Kjaer,Denmark,Defender,33,ProgressivePasses,59
Simon Kjaer,Denmark,Defender,33,ProgressivePassesReceived,1
Simon Kjaer,Denmark,Defender,33,GoalsPer90Minutes,0.0
Simon Kjaer,Denmark,Defender,33,AssistsPer90Minutes,0.0
Simon Kjaer,Denmark,Defender,33,GoalsAssistsPer90Minutes,0.0
Simon Kjaer,Denmark,Defender,33,NonPenaltyGoalsPer90Minutes,0.0
Simon Kjaer,Denmark,Defender,33,NonPenaltyGoalsAssistsPer90Minutes,0.0
Simon Kjaer,Denmark,Defender,33,ExpectedGoalsPer90Minutes,0.02
Simon Kjaer,Denmark,Defender,33,ExpectedAssitsPer90Minutes,0.01
Simon Kjaer,Denmark,Defender,33,ExpectedGoalsAssitsPer90Minutes,0.03
Simon Kjaer,Denmark,Defender,33,NonPenaltyExpectedGoalsPer90Minutes,0.02
Simon Kjaer,Denmark,Defender,33,NonPenaltyExpectedGoalsAssistsPer90Minutes,0.03
Simon Kjaer,Denmark,Defender,33,InterceptionsPerGame,0.5
Simon Kjaer,Denmark,Defender,33,TacklesPerGame,0.9
Simon Kjaer,Denmark,Defender,33,DribbledPastPerGame,0.2
Simon Kjaer,Denmark,Defender,33,ClearancesPerGame,2.0
Simon Kjaer,Denmark,Defender,33,GroundDuelsWon,57%
Simon Kjaer,Denmark,Defender,33,AerialDuelsWon,58%
Simon Kjaer,Denmark,Defender,33,GroundDuelsWon_int,57
Simon Kjaer,Denmark,Defender,33,AerialDuelsWon_int,58
Charles De Ketelaere,Belgium,Midfielder,21,MatchesPlayed,40
Charles De Ketelaere,Belgium,Midfielder,21,PlayedStarting11,13
Charles De Ketelaere,Belgium,Midfielder,21,MinutesPlayed,1497
Charles De Ketelaere,Belgium,Midfielder,21,GoalsScored,0
Charles De Ketelaere,Belgium,Midfielder,21,AssistsProvided,1
Charles De Ketelaere,Belgium,Midfielder,21,GoalsAssists,1
Charles De Ketelaere,Belgium,Midfielder,21,NonPenaltyGoals,0
Charles De Ketelaere,Belgium,Midfielder,21,GoalsFromPenalty,0
Charles De Ketelaere,Belgium,Midfielder,21,PenaltyKicksAttempted,0
Charles De Ketelaere,Belgium,Midfielder,21,YellowCards,3
Charles De Ketelaere,Belgium,Midfielder,21,RedCards,0
Charles De Ketelaere,Belgium,Midfielder,21,ExpectedGoals_xG,2.6
Charles De Ketelaere,Belgium,Midfielder,21,ExpectedNonPenaltyGoals,2.6
Charles De Ketelaere,Belgium,Midfielder,21,ExpectedAssistsProvided,2.0
Charles De Ketelaere,Belgium,Midfielder,21,ExpectedNonPenaltyGoalsAssistsProvided,4.5
Charles De Ketelaere,Belgium,Midfielder,21,ProgressiveCarries,52
Charles De Ketelaere,Belgium,Midfielder,21,ProgressivePasses,66
Charles De Ketelaere,Belgium,Midfielder,21,ProgressivePassesReceived,84
Charles De Ketelaere,Belgium,Midfielder,21,GoalsPer90Minutes,0.0
Charles De Ketelaere,Belgium,Midfielder,21,AssistsPer90Minutes,0.06
Charles De Ketelaere,Belgium,Midfielder,21,GoalsAssistsPer90Minutes,0.06
Charles De Ketelaere,Belgium,Midfielder,21,NonPenaltyGoalsPer90Minutes,0.0
Charles De Ketelaere,Belgium,Midfielder,21,NonPenaltyGoalsAssistsPer90Minutes,0.06
Charles De Ketelaere,Belgium,Midfielder,21,ExpectedGoalsPer90Minutes,0.17
Charles De Ketelaere,Belgium,Midfielder,21,ExpectedAssitsPer90Minutes,0.13
Charles De Ketelaere,Belgium,Midfielder,21,ExpectedGoalsAssitsPer90Minutes,0.3
Charles De Ketelaere,Belgium,Midfielder,21,NonPenaltyExpectedGoalsPer90Minutes,0.17
Charles De Ketelaere,Belgium,Midfielder,21,NonPenaltyExpectedGoalsAssistsPer90Minutes,0.3
Charles De Ketelaere,Belgium,Midfielder,21,InterceptionsPerGame,0.1
Charles De Ketelaere,Belgium,Midfielder,21,TacklesPerGame,0.8
Charles De Ketelaere,Belgium,Midfielder,21,DribbledPastPerGame,0.5
Charles De Ketelaere,Belgium,Midfielder,21,ClearancesPerGame,0.3
Charles De Ketelaere,Belgium,Midfielder,21,GroundDuelsWon,48%
Charles De Ketelaere,Belgium,Midfielder,21,AerialDuelsWon,39%
Charles De Ketelaere,Belgium,Midfielder,21,GroundDuelsWon_int,48
Charles De Ketelaere,Belgium,Midfielder,21,AerialDuelsWon_int,39
Ante Rebic,Croatia,Forward,28,MatchesPlayed,31
Ante Rebic,Croatia,Forward,28,PlayedStarting11,12
Ante Rebic,Croatia,Forward,28,MinutesPlayed,1241
Ante Rebic,Croatia,Forward,28,GoalsScored,3
Ante Rebic,Croatia,Forward,28,AssistsProvided,2
Ante Rebic,Croatia,Forward,28,GoalsAssists,5
Ante Rebic,Croatia,Forward,28,NonPenaltyGoals,3
Ante Rebic,Croatia,Forward,28,GoalsFromPenalty,0
Ante Rebic,Croatia,Forward,28,PenaltyKicksAttempted,0
Ante Rebic,Croatia,Forward,28,YellowCards,4
Ante Rebic,Croatia,Forward,28,RedCards,0
Ante Rebic,Croatia,Forward,28,ExpectedGoals_xG,4.3
Ante Rebic,Croatia,Forward,28,ExpectedNonPenaltyGoals,4.3
Ante Rebic,Croatia,Forward,28,ExpectedAssistsProvided,2.5
Ante Rebic,Croatia,Forward,28,ExpectedNonPenaltyGoalsAssistsProvided,6.7
Ante Rebic,Croatia,Forward,28,ProgressiveCarries,27
Ante Rebic,Croatia,Forward,28,ProgressivePasses,45
Ante Rebic,Croatia,Forward,28,ProgressivePassesReceived,119
Ante Rebic,Croatia,Forward,28,GoalsPer90Minutes,0.22
Ante Rebic,Croatia,Forward,28,AssistsPer90Minutes,0.15
Ante Rebic,Croatia,Forward,28,GoalsAssistsPer90Minutes,0.36
Ante Rebic,Croatia,Forward,28,NonPenaltyGoalsPer90Minutes,0.22
Ante Rebic,Croatia,Forward,28,NonPenaltyGoalsAssistsPer90Minutes,0.36
Ante Rebic,Croatia,Forward,28,ExpectedGoalsPer90Minutes,0.31
Ante Rebic,Croatia,Forward,28,ExpectedAssitsPer90Minutes,0.18
Ante Rebic,Croatia,Forward,28,ExpectedGoalsAssitsPer90Minutes,0.49
Ante Rebic,Croatia,Forward,28,NonPenaltyExpectedGoalsPer90Minutes,0.31
Ante Rebic,Croatia,Forward,28,NonPenaltyExpectedGoalsAssistsPer90Minutes,0.49
Ante Rebic,Croatia,Forward,28,InterceptionsPerGame,0.0
Ante Rebic,Croatia,Forward,28,TacklesPerGame,0.4
Ante Rebic,Croatia,Forward,28,DribbledPastPerGame,0.3
Ante Rebic,Croatia,Forward,28,ClearancesPerGame,0.2
Ante Rebic,Croatia,Forward,28,GroundDuelsWon,42%
Ante Rebic,Croatia,Forward,28,AerialDuelsWon,44%
Ante Rebic,Croatia,Forward,28,GroundDuelsWon_int,42
Ante Rebic,Croatia,Forward,28,AerialDuelsWon_int,44
Divock Origi,Belgium,Forward,27,MatchesPlayed,36
Divock Origi,Belgium,Forward,27,PlayedStarting11,10
Divock Origi,Belgium,Forward,27,MinutesPlayed,1207
Divock Origi,Belgium,Forward,27,GoalsScored,2
Divock Origi,Belgium,Forward,27,AssistsProvided,1
Divock Origi,Belgium,Forward,27,GoalsAssists,3
Divock Origi,Belgium,Forward,27,NonPenaltyGoals,2
Divock Origi,Belgium,Forward,27,GoalsFromPenalty,0
Divock Origi,Belgium,Forward,27,PenaltyKicksAttempted,0
Divock Origi,Belgium,Forward,27,YellowCards,2
Divock Origi,Belgium,Forward,27,RedCards,0
Divock Origi,Belgium,Forward,27,ExpectedGoals_xG,2.8
Divock Origi,Belgium,Forward,27,ExpectedNonPenaltyGoals,2.8
Divock Origi,Belgium,Forward,27,ExpectedAssistsProvided,1.4
Divock Origi,Belgium,Forward,27,ExpectedNonPenaltyGoalsAssistsProvided,4.2
Divock Origi,Belgium,Forward,27,ProgressiveCarries,29
Divock Origi,Belgium,Forward,27,ProgressivePasses,22
Divock Origi,Belgium,Forward,27,ProgressivePassesReceived,88
Divock Origi,Belgium,Forward,27,GoalsPer90Minutes,0.15
Divock Origi,Belgium,Forward,27,AssistsPer90Minutes,0.07
Divock Origi,Belgium,Forward,27,GoalsAssistsPer90Minutes,0.22
Divock Origi,Belgium,Forward,27,NonPenaltyGoalsPer90Minutes,0.15
Divock Origi,Belgium,Forward,27,NonPenaltyGoalsAssistsPer90Minutes,0.22
Divock Origi,Belgium,Forward,27,ExpectedGoalsPer90Minutes,0.21
Divock Origi,Belgium,Forward,27,ExpectedAssitsPer90Minutes,0.1
Divock Origi,Belgium,Forward,27,ExpectedGoalsAssitsPer90Minutes,0.32
Divock Origi,Belgium,Forward,27,NonPenaltyExpectedGoalsPer90Minutes,0.21
Divock Origi,Belgium,Forward,27,NonPenaltyExpectedGoalsAssistsPer90Minutes,0.32
Divock Origi,Belgium,Forward,27,InterceptionsPerGame,0.0
Divock Origi,Belgium,Forward,27,TacklesPerGame,0.4
Divock Origi,Belgium,Forward,27,DribbledPastPerGame,0.2
Divock Origi,Belgium,Forward,27,ClearancesPerGame,0.5
Divock Origi,Belgium,Forward,27,GroundDuelsWon,45%
Divock Origi,Belgium,Forward,27,AerialDuelsWon,31%
Divock Origi,Belgium,Forward,27,GroundDuelsWon_int,45
Divock Origi,Belgium,Forward,27,AerialDuelsWon_int,31
Tommaso Pobega,Italy,Midfielder,23,MatchesPlayed,28
Tommaso Pobega,Italy,Midfielder,23,PlayedStarting11,10
Tommaso Pobega,Italy,Midfielder,23,MinutesPlayed,1122
Tommaso Pobega,Italy,Midfielder,23,GoalsScored,3
Tommaso Pobega,Italy,Midfielder,23,AssistsProvided,0
Tommaso Pobega,Italy,Midfielder,23,GoalsAssists,3
Tommaso Pobega,Italy,Midfielder,23,NonPenaltyGoals,3
Tommaso Pobega,Italy,Midfielder,23,GoalsFromPenalty,0
Tommaso Pobega,Italy,Midfielder,23,PenaltyKicksAttempted,0
Tommaso Pobega,Italy,Midfielder,23,YellowCards,5
Tommaso Pobega,Italy,Midfielder,23,RedCards,0
Tommaso Pobega,Italy,Midfielder,23,ExpectedGoals_xG,2.1
Tommaso Pobega,Italy,Midfielder,23,ExpectedNonPenaltyGoals,2.1
Tommaso Pobega,Italy,Midfielder,23,ExpectedAssistsProvided,0.3
Tommaso Pobega,Italy,Midfielder,23,ExpectedNonPenaltyGoalsAssistsProvided,2.4
Tommaso Pobega,Italy,Midfielder,23,ProgressiveCarries,10
Tommaso Pobega,Italy,Midfielder,23,ProgressivePasses,43
Tommaso Pobega,Italy,Midfielder,23,ProgressivePassesReceived,26
Tommaso Pobega,Italy,Midfielder,23,GoalsPer90Minutes,0.24
Tommaso Pobega,Italy,Midfielder,23,AssistsPer90Minutes,0.0
Tommaso Pobega,Italy,Midfielder,23,GoalsAssistsPer90Minutes,0.24
Tommaso Pobega,Italy,Midfielder,23,NonPenaltyGoalsPer90Minutes,0.24
Tommaso Pobega,Italy,Midfielder,23,NonPenaltyGoalsAssistsPer90Minutes,0.24
Tommaso Pobega,Italy,Midfielder,23,ExpectedGoalsPer90Minutes,0.18
Tommaso Pobega,Italy,Midfielder,23,ExpectedAssitsPer90Minutes,0.03
Tommaso Pobega,Italy,Midfielder,23,ExpectedGoalsAssitsPer90Minutes,0.21
Tommaso Pobega,Italy,Midfielder,23,NonPenaltyExpectedGoalsPer90Minutes,0.18
Tommaso Pobega,Italy,Midfielder,23,NonPenaltyExpectedGoalsAssistsPer90Minutes,0.21
Tommaso Pobega,Italy,Midfielder,23,InterceptionsPerGame,0.5
Tommaso Pobega,Italy,Midfielder,23,TacklesPerGame,1.4
Tommaso Pobega,Italy,Midfielder,23,DribbledPastPerGame,0.4
Tommaso Pobega,Italy,Midfielder,23,ClearancesPerGame,0.6
Tommaso Pobega,Italy,Midfielder,23,GroundDuelsWon,44%
Tommaso Pobega,Italy,Midfielder,23,AerialDuelsWon,39%
Tommaso Pobega,Italy,Midfielder,23,GroundDuelsWon_int,44
Tommaso Pobega,Italy,Midfielder,23,AerialDuelsWon_int,39
Matteo Gabbia,Italy,Defender,22,MatchesPlayed,17
Matteo Gabbia,Italy,Defender,22,PlayedStarting11,9
Matteo Gabbia,Italy,Defender,22,MinutesPlayed,900
Matteo Gabbia,Italy,Defender,22,GoalsScored,1
Matteo Gabbia,Italy,Defender,22,AssistsProvided,0
Matteo Gabbia,Italy,Defender,22,GoalsAssists,1
Matteo Gabbia,Italy,Defender,22,NonPenaltyGoals,1
Matteo Gabbia,Italy,Defender,22,GoalsFromPenalty,0
Matteo Gabbia,Italy,Defender,22,PenaltyKicksAttempted,0
Matteo Gabbia,Italy,Defender,22,YellowCards,3
Matteo Gabbia,Italy,Defender,22,RedCards,0
Matteo Gabbia,Italy,Defender,22,ExpectedGoals_xG,0.4
Matteo Gabbia,Italy,Defender,22,ExpectedNonPenaltyGoals,0.4
Matteo Gabbia,Italy,Defender,22,ExpectedAssistsProvided,0.0
Matteo Gabbia,Italy,Defender,22,ExpectedNonPenaltyGoalsAssistsProvided,0.4
Matteo Gabbia,Italy,Defender,22,ProgressiveCarries,3
Matteo Gabbia,Italy,Defender,22,ProgressivePasses,22
Matteo Gabbia,Italy,Defender,22,ProgressivePassesReceived,1
Matteo Gabbia,Italy,Defender,22,GoalsPer90Minutes,0.1
Matteo Gabbia,Italy,Defender,22,AssistsPer90Minutes,0.0
Matteo Gabbia,Italy,Defender,22,GoalsAssistsPer90Minutes,0.1
Matteo Gabbia,Italy,Defender,22,NonPenaltyGoalsPer90Minutes,0.1
Matteo Gabbia,Italy,Defender,22,NonPenaltyGoalsAssistsPer90Minutes,0.1
Matteo Gabbia,Italy,Defender,22,ExpectedGoalsPer90Minutes,0.04
Matteo Gabbia,Italy,Defender,22,ExpectedAssitsPer90Minutes,0.0
Matteo Gabbia,Italy,Defender,22,ExpectedGoalsAssitsPer90Minutes,0.04
Matteo Gabbia,Italy,Defender,22,NonPenaltyExpectedGoalsPer90Minutes,0.04
Matteo Gabbia,Italy,Defender,22,NonPenaltyExpectedGoalsAssistsPer90Minutes,0.04
Matteo Gabbia,Italy,Defender,22,InterceptionsPerGame,0.4
Matteo Gabbia,Italy,Defender,22,TacklesPerGame,1.4
Matteo Gabbia,Italy,Defender,22,DribbledPastPerGame,0.2
Matteo Gabbia,Italy,Defender,22,ClearancesPerGame,2.2
Matteo Gabbia,Italy,Defender,22,GroundDuelsWon,67%
Matteo Gabbia,Italy,Defender,22,AerialDuelsWon,75%
Matteo Gabbia,Italy,Defender,22,GroundDuelsWon_int,67
Matteo Gabbia,Italy,Defender,22,AerialDuelsWon_int,75
Fodo Ballo-Toure,Senegal,Defender,25,MatchesPlayed,14
Fodo Ballo-Toure,Senegal,Defender,25,PlayedStarting11,6
Fodo Ballo-Toure,Senegal,Defender,25,MinutesPlayed,658
Fodo Ballo-Toure,Senegal,Defender,25,GoalsScored,1
Fodo Ballo-Toure,Senegal,Defender,25,AssistsProvided,0
Fodo Ballo-Toure,Senegal,Defender,25,GoalsAssists,1
Fodo Ballo-Toure,Senegal,Defender,25,NonPenaltyGoals,1
Fodo Ballo-Toure,Senegal,Defender,25,GoalsFromPenalty,0
Fodo Ballo-Toure,Senegal,Defender,25,PenaltyKicksAttempted,0
Fodo Ballo-Toure,Senegal,Defender,25,YellowCards,2
Fodo Ballo-Toure,Senegal,Defender,25,RedCards,0
Fodo Ballo-Toure,Senegal,Defender,25,ExpectedGoals_xG,0.6
Fodo Ballo-Toure,Senegal,Defender,25,ExpectedNonPenaltyGoals,0.6
Fodo Ballo-Toure,Senegal,Defender,25,ExpectedAssistsProvided,0.2
Fodo Ballo-Toure,Senegal,Defender,25,ExpectedNonPenaltyGoalsAssistsProvided,0.9
Fodo Ballo-Toure,Senegal,Defender,25,ProgressiveCarries,14
Fodo Ballo-Toure,Senegal,Defender,25,ProgressivePasses,27
Fodo Ballo-Toure,Senegal,Defender,25,ProgressivePassesReceived,38
Fodo Ballo-Toure,Senegal,Defender,25,GoalsPer90Minutes,0.14
Fodo Ballo-Toure,Senegal,Defender,25,AssistsPer90Minutes,0.0
Fodo Ballo-Toure,Senegal,Defender,25,GoalsAssistsPer90Minutes,0.14
Fodo Ballo-Toure,Senegal,Defender,25,NonPenaltyGoalsPer90Minutes,0.14
Fodo Ballo-Toure,Senegal,Defender,25,NonPenaltyGoalsAssistsPer90Minutes,0.14
Fodo Ballo-Toure,Senegal,Defender,25,ExpectedGoalsPer90Minutes,0.08
Fodo Ballo-Toure,Senegal,Defender,25,ExpectedAssitsPer90Minutes,0.03
Fodo Ballo-Toure,Senegal,Defender,25,ExpectedGoalsAssitsPer90Minutes,0.12
Fodo Ballo-Toure,Senegal,Defender,25,NonPenaltyExpectedGoalsPer90Minutes,0.08
Fodo Ballo-Toure,Senegal,Defender,25,NonPenaltyExpectedGoalsAssistsPer90Minutes,0.12
Fodo Ballo-Toure,Senegal,Defender,25,InterceptionsPerGame,0.2
Fodo Ballo-Toure,Senegal,Defender,25,TacklesPerGame,1.4
Fodo Ballo-Toure,Senegal,Defender,25,DribbledPastPerGame,0.3
Fodo Ballo-Toure,Senegal,Defender,25,ClearancesPerGame,0.3
Fodo Ballo-Toure,Senegal,Defender,25,GroundDuelsWon,58%
Fodo Ballo-Toure,Senegal,Defender,25,AerialDuelsWon,72%
Fodo Ballo-Toure,Senegal,Defender,25,GroundDuelsWon_int,58
Fodo Ballo-Toure,Senegal,Defender,25,AerialDuelsWon_int,72
Sergino Dest,USA,Defender,21,MatchesPlayed,14
Sergino Dest,USA,Defender,21,PlayedStarting11,4
Sergino Dest,USA,Defender,21,MinutesPlayed,642
Sergino Dest,USA,Defender,21,GoalsScored,0
Sergino Dest,USA,Defender,21,AssistsProvided,0
Sergino Dest,USA,Defender,21,GoalsAssists,0
Sergino Dest,USA,Defender,21,NonPenaltyGoals,0
Sergino Dest,USA,Defender,21,GoalsFromPenalty,0
Sergino Dest,USA,Defender,21,PenaltyKicksAttempted,0
Sergino Dest,USA,Defender,21,YellowCards,0
Sergino Dest,USA,Defender,21,RedCards,0
Sergino Dest,USA,Defender,21,ExpectedGoals_xG,0.6
Sergino Dest,USA,Defender,21,ExpectedNonPenaltyGoals,0.6
Sergino Dest,USA,Defender,21,ExpectedAssistsProvided,0.5
Sergino Dest,USA,Defender,21,ExpectedNonPenaltyGoalsAssistsProvided,1.1
Sergino Dest,USA,Defender,21,ProgressiveCarries,14
Sergino Dest,USA,Defender,21,ProgressivePasses,20
Sergino Dest,USA,Defender,21,ProgressivePassesReceived,15
Sergino Dest,USA,Defender,21,GoalsPer90Minutes,0.0
Sergino Dest,USA,Defender,21,AssistsPer90Minutes,0.0
Sergino Dest,USA,Defender,21,GoalsAssistsPer90Minutes,0.0
Sergino Dest,USA,Defender,21,NonPenaltyGoalsPer90Minutes,0.0
Sergino Dest,USA,Defender,21,NonPenaltyGoalsAssistsPer90Minutes,0.0
Sergino Dest,USA,Defender,21,ExpectedGoalsPer90Minutes,0.1
Sergino Dest,USA,Defender,21,ExpectedAssitsPer90Minutes,0.08
Sergino Dest,USA,Defender,21,ExpectedGoalsAssitsPer90Minutes,0.19
Sergino Dest,USA,Defender,21,NonPenaltyExpectedGoalsPer90Minutes,0.1
Sergino Dest,USA,Defender,21,NonPenaltyExpectedGoalsAssistsPer90Minutes,0.19
Sergino Dest,USA,Defender,21,InterceptionsPerGame,0.5
Sergino Dest,USA,Defender,21,TacklesPerGame,1.5
Sergino Dest,USA,Defender,21,DribbledPastPerGame,0.1
Sergino Dest,USA,Defender,21,ClearancesPerGame,0.1
Sergino Dest,USA,Defender,21,GroundDuelsWon,55%
Sergino Dest,USA,Defender,21,AerialDuelsWon,75%
Sergino Dest,USA,Defender,21,GroundDuelsWon_int,55
Sergino Dest,USA,Defender,21,AerialDuelsWon_int,75
Aster Vranckx,Belgium,Midfielder,19,MatchesPlayed,10
Aster Vranckx,Belgium,Midfielder,19,PlayedStarting11,3
Aster Vranckx,Belgium,Midfielder,19,MinutesPlayed,322
Aster Vranckx,Belgium,Midfielder,19,GoalsScored,0
Aster Vranckx,Belgium,Midfielder,19,AssistsProvided,0
Aster Vranckx,Belgium,Midfielder,19,GoalsAssists,0
Aster Vranckx,Belgium,Midfielder,19,NonPenaltyGoals,0
Aster Vranckx,Belgium,Midfielder,19,GoalsFromPenalty,0
Aster Vranckx,Belgium,Midfielder,19,PenaltyKicksAttempted,0
Aster Vranckx,Belgium,Midfielder,19,YellowCards,1
Aster Vranckx,Belgium,Midfielder,19,RedCards,0
Aster Vranckx,Belgium,Midfielder,19,ExpectedGoals_xG,0.1
Aster Vranckx,Belgium,Midfielder,19,ExpectedNonPenaltyGoals,0.1
Aster Vranckx,Belgium,Midfielder,19,ExpectedAssistsProvided,0.3
Aster Vranckx,Belgium,Midfielder,19,ExpectedNonPenaltyGoalsAssistsProvided,0.3
Aster Vranckx,Belgium,Midfielder,19,ProgressiveCarries,2
Aster Vranckx,Belgium,Midfielder,19,ProgressivePasses,4
Aster Vranckx,Belgium,Midfielder,19,ProgressivePassesReceived,5
Aster Vranckx,Belgium,Midfielder,19,GoalsPer90Minutes,0.0
Aster Vranckx,Belgium,Midfielder,19,AssistsPer90Minutes,0.0
Aster Vranckx,Belgium,Midfielder,19,GoalsAssistsPer90Minutes,0.0
Aster Vranckx,Belgium,Midfielder,19,NonPenaltyGoalsPer90Minutes,0.0
Aster Vranckx,Belgium,Midfielder,19,NonPenaltyGoalsAssistsPer90Minutes,0.0
Aster Vranckx,Belgium,Midfielder,19,ExpectedGoalsPer90Minutes,0.02
Aster Vranckx,Belgium,Midfielder,19,ExpectedAssitsPer90Minutes,0.11
Aster Vranckx,Belgium,Midfielder,19,ExpectedGoalsAssitsPer90Minutes,0.12
Aster Vranckx,Belgium,Midfielder,19,NonPenaltyExpectedGoalsPer90Minutes,0.02
Aster Vranckx,Belgium,Midfielder,19,NonPenaltyExpectedGoalsAssistsPer90Minutes,0.12
Aster Vranckx,Belgium,Midfielder,19,InterceptionsPerGame,0.2
Aster Vranckx,Belgium,Midfielder,19,TacklesPerGame,0.3
Aster Vranckx,Belgium,Midfielder,19,DribbledPastPerGame,0.6
Aster Vranckx,Belgium,Midfielder,19,ClearancesPerGame,0.1
Aster Vranckx,Belgium,Midfielder,19,GroundDuelsWon,31%
Aster Vranckx,Belgium,Midfielder,19,AerialDuelsWon,44%
Aster Vranckx,Belgium,Midfielder,19,GroundDuelsWon_int,31
Aster Vranckx,Belgium,Midfielder,19,AerialDuelsWon_int,44
Alessandro Florenzi,Italy,Defender,31,MatchesPlayed,6
Alessandro Florenzi,Italy,Defender,31,PlayedStarting11,2
Alessandro Florenzi,Italy,Defender,31,MinutesPlayed,203
Alessandro Florenzi,Italy,Defender,31,GoalsScored,0
Alessandro Florenzi,Italy,Defender,31,AssistsProvided,0
Alessandro Florenzi,Italy,Defender,31,GoalsAssists,0
Alessandro Florenzi,Italy,Defender,31,NonPenaltyGoals,0
Alessandro Florenzi,Italy,Defender,31,GoalsFromPenalty,0
Alessandro Florenzi,Italy,Defender,31,PenaltyKicksAttempted,0
Alessandro Florenzi,Italy,Defender,31,YellowCards,1
Alessandro Florenzi,Italy,Defender,31,RedCards,0
Alessandro Florenzi,Italy,Defender,31,ExpectedGoals_xG,0.8
Alessandro Florenzi,Italy,Defender,31,ExpectedNonPenaltyGoals,0.8
Alessandro Florenzi,Italy,Defender,31,ExpectedAssistsProvided,0.5
Alessandro Florenzi,Italy,Defender,31,ExpectedNonPenaltyGoalsAssistsProvided,1.2
Alessandro Florenzi,Italy,Defender,31,ProgressiveCarries,1
Alessandro Florenzi,Italy,Defender,31,ProgressivePasses,10
Alessandro Florenzi,Italy,Defender,31,ProgressivePassesReceived,19
Alessandro Florenzi,Italy,Defender,31,GoalsPer90Minutes,0.0
Alessandro Florenzi,Italy,Defender,31,AssistsPer90Minutes,0.0
Alessandro Florenzi,Italy,Defender,31,GoalsAssistsPer90Minutes,0.0
Alessandro Florenzi,Italy,Defender,31,NonPenaltyGoalsPer90Minutes,0.0
Alessandro Florenzi,Italy,Defender,31,NonPenaltyGoalsAssistsPer90Minutes,0.0
Alessandro Florenzi,Italy,Defender,31,ExpectedGoalsPer90Minutes,0.34
Alessandro Florenzi,Italy,Defender,31,ExpectedAssitsPer90Minutes,0.21
Alessandro Florenzi,Italy,Defender,31,ExpectedGoalsAssitsPer90Minutes,0.54
Alessandro Florenzi,Italy,Defender,31,NonPenaltyExpectedGoalsPer90Minutes,0.34
Alessandro Florenzi,Italy,Defender,31,NonPenaltyExpectedGoalsAssistsPer90Minutes,0.54
Alessandro Florenzi,Italy,Defender,31,InterceptionsPerGame,0.7
Alessandro Florenzi,Italy,Defender,31,TacklesPerGame,1.0
Alessandro Florenzi,Italy,Defender,31,DribbledPastPerGame,0.5
Alessandro Florenzi,Italy,Defender,31,ClearancesPerGame,0.2
Alessandro Florenzi,Italy,Defender,31,GroundDuelsWon,54%
Alessandro Florenzi,Italy,Defender,31,AerialDuelsWon,100%
Alessandro Florenzi,Italy,Defender,31,GroundDuelsWon_int,54
Alessandro Florenzi,Italy,Defender,31,AerialDuelsWon_int,100
Zlatan Ibrahimovic,Sweden,Forward,40,MatchesPlayed,4
Zlatan Ibrahimovic,Sweden,Forward,40,PlayedStarting11,1
Zlatan Ibrahimovic,Sweden,Forward,40,MinutesPlayed,146
Zlatan Ibrahimovic,Sweden,Forward,40,GoalsScored,1
Zlatan Ibrahimovic,Sweden,Forward,40,AssistsProvided,0
Zlatan Ibrahimovic,Sweden,Forward,40,GoalsAssists,1
Zlatan Ibrahimovic,Sweden,Forward,40,NonPenaltyGoals,0
Zlatan Ibrahimovic,Sweden,Forward,40,GoalsFromPenalty,1
Zlatan Ibrahimovic,Sweden,Forward,40,PenaltyKicksAttempted,1
Zlatan Ibrahimovic,Sweden,Forward,40,YellowCards,0
Zlatan Ibrahimovic,Sweden,Forward,40,RedCards,0
Zlatan Ibrahimovic,Sweden,Forward,40,ExpectedGoals_xG,1.2
Zlatan Ibrahimovic,Sweden,Forward,40,ExpectedNonPenaltyGoals,0.4
Zlatan Ibrahimovic,Sweden,Forward,40,ExpectedAssistsProvided,0.2
Zlatan Ibrahimovic,Sweden,Forward,40,ExpectedNonPenaltyGoalsAssistsProvided,0.6
Zlatan Ibrahimovic,Sweden,Forward,40,ProgressiveCarries,0
Zlatan Ibrahimovic,Sweden,Forward,40,ProgressivePasses,4
Zlatan Ibrahimovic,Sweden,Forward,40,ProgressivePassesReceived,10
Zlatan Ibrahimovic,Sweden,Forward,40,GoalsPer90Minutes,0.62
Zlatan Ibrahimovic,Sweden,Forward,40,AssistsPer90Minutes,0.0
Zlatan Ibrahimovic,Sweden,Forward,40,GoalsAssistsPer90Minutes,0.62
Zlatan Ibrahimovic,Sweden,Forward,40,NonPenaltyGoalsPer90Minutes,0.0
Zlatan Ibrahimovic,Sweden,Forward,40,NonPenaltyGoalsAssistsPer90Minutes,0.0
Zlatan Ibrahimovic,Sweden,Forward,40,ExpectedGoalsPer90Minutes,0.72
Zlatan Ibrahimovic,Sweden,Forward,40,ExpectedAssitsPer90Minutes,0.11
Zlatan Ibrahimovic,Sweden,Forward,40,ExpectedGoalsAssitsPer90Minutes,0.84
Zlatan Ibrahimovic,Sweden,Forward,40,NonPenaltyExpectedGoalsPer90Minutes,0.24
Zlatan Ibrahimovic,Sweden,Forward,40,NonPenaltyExpectedGoalsAssistsPer90Minutes,0.35
Zlatan Ibrahimovic,Sweden,Forward,40,InterceptionsPerGame,0.0
Zlatan Ibrahimovic,Sweden,Forward,40,TacklesPerGame,0.0
Zlatan Ibrahimovic,Sweden,Forward,40,DribbledPastPerGame,0.0
Zlatan Ibrahimovic,Sweden,Forward,40,ClearancesPerGame,0.5
Zlatan Ibrahimovic,Sweden,Forward,40,GroundDuelsWon,14%
Zlatan Ibrahimovic,Sweden,Forward,40,AerialDuelsWon,67%
Zlatan Ibrahimovic,Sweden,Forward,40,GroundDuelsWon_int,14
Zlatan Ibrahimovic,Sweden,Forward,40,AerialDuelsWon_int,67
Yacine Adli,France,Midfielder,22,MatchesPlayed,6
Yacine Adli,France,Midfielder,22,PlayedStarting11,1
Yacine Adli,France,Midfielder,22,MinutesPlayed,144
Yacine Adli,France,Midfielder,22,GoalsScored,0
Yacine Adli,France,Midfielder,22,AssistsProvided,0
Yacine Adli,France,Midfielder,22,GoalsAssists,0
Yacine Adli,France,Midfielder,22,NonPenaltyGoals,0
Yacine Adli,France,Midfielder,22,GoalsFromPenalty,0
Yacine Adli,France,Midfielder,22,PenaltyKicksAttempted,0
Yacine Adli,France,Midfielder,22,YellowCards,1
Yacine Adli,France,Midfielder,22,RedCards,0
Yacine Adli,France,Midfielder,22,ExpectedGoals_xG,0.1
Yacine Adli,France,Midfielder,22,ExpectedNonPenaltyGoals,0.1
Yacine Adli,France,Midfielder,22,ExpectedAssistsProvided,0.3
Yacine Adli,France,Midfielder,22,ExpectedNonPenaltyGoalsAssistsProvided,0.3
Yacine Adli,France,Midfielder,22,ProgressiveCarries,7
Yacine Adli,France,Midfielder,22,ProgressivePasses,10
Yacine Adli,France,Midfielder,22,ProgressivePassesReceived,8
Yacine Adli,France,Midfielder,22,GoalsPer90Minutes,0.0
Yacine Adli,France,Midfielder,22,AssistsPer90Minutes,0.0
Yacine Adli,France,Midfielder,22,GoalsAssistsPer90Minutes,0.0
Yacine Adli,France,Midfielder,22,NonPenaltyGoalsPer90Minutes,0.0
Yacine Adli,France,Midfielder,22,NonPenaltyGoalsAssistsPer90Minutes,0.0
Yacine Adli,France,Midfielder,22,ExpectedGoalsPer90Minutes,0.05
Yacine Adli,France,Midfielder,22,ExpectedAssitsPer90Minutes,0.16
Yacine Adli,France,Midfielder,22,ExpectedGoalsAssitsPer90Minutes,0.22
Yacine Adli,France,Midfielder,22,NonPenaltyExpectedGoalsPer90Minutes,0.05
Yacine Adli,France,Midfielder,22,NonPenaltyExpectedGoalsAssistsPer90Minutes,0.22
Yacine Adli,France,Midfielder,22,InterceptionsPerGame,0.2
Yacine Adli,France,Midfielder,22,TacklesPerGame,1.0
Yacine Adli,France,Midfielder,22,DribbledPastPerGame,0.0
Yacine Adli,France,Midfielder,22,ClearancesPerGame,0.2
Yacine Adli,France,Midfielder,22,GroundDuelsWon,50%
Yacine Adli,France,Midfielder,22,AerialDuelsWon,25%
Yacine Adli,France,Midfielder,22,GroundDuelsWon_int,50
Yacine Adli,France,Midfielder,22,AerialDuelsWon_int,25
